VNR;VNAME;NNR;NNAME;ZEIT
1;"Dresden Bahnhof Mitte";1;"Dresden Bahnhof Mitte";300
1;"Dresden Bahnhof Mitte";1;"Dresden Bahnhof Mitte";180
1;"Dresden Bahnhof Mitte";1;"Dresden Bahnhof Mitte";180
1;"Dresden Bahnhof Mitte";1;"Dresden Bahnhof Mitte";180
1;"Dresden Bahnhof Mitte";1;"Dresden Bahnhof Mitte";300
1;"Dresden Bahnhof Mitte";1;"Dresden Bahnhof Mitte";120
1;"Dresden Bahnhof Mitte";1;"Dresden Bahnhof Mitte";90
1;"Dresden Bahnhof Mitte";1;"Dresden Bahnhof Mitte";120
1;"Dresden Bahnhof Mitte";1;"Dresden Bahnhof Mitte";120
1;"Dresden Bahnhof Mitte";1;"Dresden Bahnhof Mitte";180
1;"Dresden Bahnhof Mitte";1;"Dresden Bahnhof Mitte";180
1;"Dresden Bahnhof Mitte";1;"Dresden Bahnhof Mitte";120
1;"Dresden Bahnhof Mitte";1;"Dresden Bahnhof Mitte";240
1;"Dresden Bahnhof Mitte";1;"Dresden Bahnhof Mitte";120
1;"Dresden Bahnhof Mitte";1;"Dresden Bahnhof Mitte";180
1;"Dresden Bahnhof Mitte";1;"Dresden Bahnhof Mitte";120
1;"Dresden Bahnhof Mitte";1;"Dresden Bahnhof Mitte";240
1;"Dresden Bahnhof Mitte";1;"Dresden Bahnhof Mitte";180
1;"Dresden Bahnhof Mitte";1;"Dresden Bahnhof Mitte";300
1;"Dresden Bahnhof Mitte";1;"Dresden Bahnhof Mitte";120
1;"Dresden Bahnhof Mitte";1;"Dresden Bahnhof Mitte";180
1;"Dresden Bahnhof Mitte";1;"Dresden Bahnhof Mitte";300
1;"Dresden Bahnhof Mitte";1;"Dresden Bahnhof Mitte";240
1;"Dresden Bahnhof Mitte";1;"Dresden Bahnhof Mitte";180
1;"Dresden Bahnhof Mitte";1;"Dresden Bahnhof Mitte";240
1;"Dresden Bahnhof Mitte";1;"Dresden Bahnhof Mitte";180
1;"Dresden Bahnhof Mitte";1;"Dresden Bahnhof Mitte";90
1;"Dresden Bahnhof Mitte";1;"Dresden Bahnhof Mitte";180
1;"Dresden Bahnhof Mitte";1;"Dresden Bahnhof Mitte";180
1;"Dresden Bahnhof Mitte";1;"Dresden Bahnhof Mitte";300
3;"Dresden Prager Straße";3;"Dresden Prager Straße";120
3;"Dresden Prager Straße";3;"Dresden Prager Straße";120
3;"Dresden Prager Straße";3;"Dresden Prager Straße";120
3;"Dresden Prager Straße";3;"Dresden Prager Straße";120
4;"Dresden Altmarkt";4;"Dresden Altmarkt";180
4;"Dresden Altmarkt";4;"Dresden Altmarkt";120
4;"Dresden Altmarkt";4;"Dresden Altmarkt";180
4;"Dresden Altmarkt";4;"Dresden Altmarkt";120
5;"Dresden Pirnaischer Platz";5;"Dresden Pirnaischer Platz";180
5;"Dresden Pirnaischer Platz";5;"Dresden Pirnaischer Platz";480
5;"Dresden Pirnaischer Platz";5;"Dresden Pirnaischer Platz";120
5;"Dresden Pirnaischer Platz";5;"Dresden Pirnaischer Platz";180
5;"Dresden Pirnaischer Platz";5;"Dresden Pirnaischer Platz";180
5;"Dresden Pirnaischer Platz";5;"Dresden Pirnaischer Platz";420
5;"Dresden Pirnaischer Platz";5;"Dresden Pirnaischer Platz";180
5;"Dresden Pirnaischer Platz";5;"Dresden Pirnaischer Platz";120
5;"Dresden Pirnaischer Platz";5;"Dresden Pirnaischer Platz";180
5;"Dresden Pirnaischer Platz";5;"Dresden Pirnaischer Platz";240
5;"Dresden Pirnaischer Platz";5;"Dresden Pirnaischer Platz";180
5;"Dresden Pirnaischer Platz";5;"Dresden Pirnaischer Platz";180
5;"Dresden Pirnaischer Platz";5;"Dresden Pirnaischer Platz";120
5;"Dresden Pirnaischer Platz";5;"Dresden Pirnaischer Platz";180
5;"Dresden Pirnaischer Platz";5;"Dresden Pirnaischer Platz";420
5;"Dresden Pirnaischer Platz";5;"Dresden Pirnaischer Platz";180
5;"Dresden Pirnaischer Platz";5;"Dresden Pirnaischer Platz";240
5;"Dresden Pirnaischer Platz";5;"Dresden Pirnaischer Platz";180
5;"Dresden Pirnaischer Platz";5;"Dresden Pirnaischer Platz";120
5;"Dresden Pirnaischer Platz";5;"Dresden Pirnaischer Platz";480
5;"Dresden Pirnaischer Platz";5;"Dresden Pirnaischer Platz";420
5;"Dresden Pirnaischer Platz";5;"Dresden Pirnaischer Platz";420
5;"Dresden Pirnaischer Platz";5;"Dresden Pirnaischer Platz";480
5;"Dresden Pirnaischer Platz";5;"Dresden Pirnaischer Platz";120
5;"Dresden Pirnaischer Platz";5;"Dresden Pirnaischer Platz";480
6;"DD Deutsches Hygiene-Museum";6;"DD Deutsches Hygiene-Museum";600
6;"DD Deutsches Hygiene-Museum";6;"DD Deutsches Hygiene-Museum";120
6;"DD Deutsches Hygiene-Museum";6;"DD Deutsches Hygiene-Museum";600
6;"DD Deutsches Hygiene-Museum";6;"DD Deutsches Hygiene-Museum";120
7;"Dresden Straßburger Platz";7;"Dresden Straßburger Platz";120
7;"Dresden Straßburger Platz";7;"Dresden Straßburger Platz";120
7;"Dresden Straßburger Platz";7;"Dresden Straßburger Platz";120
7;"Dresden Straßburger Platz";7;"Dresden Straßburger Platz";420
7;"Dresden Straßburger Platz";7;"Dresden Straßburger Platz";120
7;"Dresden Straßburger Platz";7;"Dresden Straßburger Platz";480
7;"Dresden Straßburger Platz";7;"Dresden Straßburger Platz";420
7;"Dresden Straßburger Platz";7;"Dresden Straßburger Platz";120
7;"Dresden Straßburger Platz";7;"Dresden Straßburger Platz";300
7;"Dresden Straßburger Platz";7;"Dresden Straßburger Platz";300
7;"Dresden Straßburger Platz";7;"Dresden Straßburger Platz";120
7;"Dresden Straßburger Platz";7;"Dresden Straßburger Platz";300
7;"Dresden Straßburger Platz";7;"Dresden Straßburger Platz";120
7;"Dresden Straßburger Platz";7;"Dresden Straßburger Platz";120
7;"Dresden Straßburger Platz";7;"Dresden Straßburger Platz";120
7;"Dresden Straßburger Platz";7;"Dresden Straßburger Platz";120
7;"Dresden Straßburger Platz";7;"Dresden Straßburger Platz";300
7;"Dresden Straßburger Platz";7;"Dresden Straßburger Platz";120
7;"Dresden Straßburger Platz";7;"Dresden Straßburger Platz";120
7;"Dresden Straßburger Platz";7;"Dresden Straßburger Platz";120
7;"Dresden Straßburger Platz";7;"Dresden Straßburger Platz";480
7;"Dresden Straßburger Platz";7;"Dresden Straßburger Platz";120
7;"Dresden Straßburger Platz";7;"Dresden Straßburger Platz";120
7;"Dresden Straßburger Platz";7;"Dresden Straßburger Platz";120
7;"Dresden Straßburger Platz";7;"Dresden Straßburger Platz";120
8;"Dresden Großer Garten";8;"Dresden Großer Garten";120
8;"Dresden Großer Garten";8;"Dresden Großer Garten";120
8;"Dresden Großer Garten";8;"Dresden Großer Garten";120
8;"Dresden Großer Garten";8;"Dresden Großer Garten";120
9;"Dresden Dürerstraße";9;"Dresden Dürerstraße";60
10;"Dresden Sachsenallee";10;"Dresden Sachsenallee";120
11;"Dresden Rosa-Luxemburg-Platz";11;"Dresden Rosa-Luxemburg-Platz";120
12;"DD Bautzner/Rothenburger Str.";12;"DD Bautzner/Rothenburger Str.";180
12;"DD Bautzner/Rothenburger Str.";12;"DD Bautzner/Rothenburger Str.";120
12;"DD Bautzner/Rothenburger Str.";12;"DD Bautzner/Rothenburger Str.";120
12;"DD Bautzner/Rothenburger Str.";12;"DD Bautzner/Rothenburger Str.";120
12;"DD Bautzner/Rothenburger Str.";12;"DD Bautzner/Rothenburger Str.";120
12;"DD Bautzner/Rothenburger Str.";12;"DD Bautzner/Rothenburger Str.";120
12;"DD Bautzner/Rothenburger Str.";12;"DD Bautzner/Rothenburger Str.";120
12;"DD Bautzner/Rothenburger Str.";12;"DD Bautzner/Rothenburger Str.";180
12;"DD Bautzner/Rothenburger Str.";12;"DD Bautzner/Rothenburger Str.";120
13;"Dresden Albertplatz";13;"Dresden Albertplatz";120
13;"Dresden Albertplatz";13;"Dresden Albertplatz";180
13;"Dresden Albertplatz";13;"Dresden Albertplatz";240
13;"Dresden Albertplatz";13;"Dresden Albertplatz";240
13;"Dresden Albertplatz";13;"Dresden Albertplatz";120
13;"Dresden Albertplatz";13;"Dresden Albertplatz";360
13;"Dresden Albertplatz";13;"Dresden Albertplatz";240
13;"Dresden Albertplatz";13;"Dresden Albertplatz";180
13;"Dresden Albertplatz";13;"Dresden Albertplatz";360
13;"Dresden Albertplatz";13;"Dresden Albertplatz";120
13;"Dresden Albertplatz";13;"Dresden Albertplatz";420
13;"Dresden Albertplatz";13;"Dresden Albertplatz";240
13;"Dresden Albertplatz";13;"Dresden Albertplatz";420
13;"Dresden Albertplatz";13;"Dresden Albertplatz";120
13;"Dresden Albertplatz";13;"Dresden Albertplatz";240
13;"Dresden Albertplatz";13;"Dresden Albertplatz";240
14;"Dresden Carolaplatz";14;"Dresden Carolaplatz";120
14;"Dresden Carolaplatz";14;"Dresden Carolaplatz";120
14;"Dresden Carolaplatz";14;"Dresden Carolaplatz";120
14;"Dresden Carolaplatz";14;"Dresden Carolaplatz";120
15;"Dresden Synagoge";15;"Dresden Synagoge";120
16;"Dresden Bahnhof Neustadt";16;"Dresden Bahnhof Neustadt";180
16;"Dresden Bahnhof Neustadt";16;"Dresden Bahnhof Neustadt";180
16;"Dresden Bahnhof Neustadt";16;"Dresden Bahnhof Neustadt";180
16;"Dresden Bahnhof Neustadt";16;"Dresden Bahnhof Neustadt";180
16;"Dresden Bahnhof Neustadt";16;"Dresden Bahnhof Neustadt";120
16;"Dresden Bahnhof Neustadt";16;"Dresden Bahnhof Neustadt";120
16;"Dresden Bahnhof Neustadt";16;"Dresden Bahnhof Neustadt";180
16;"Dresden Bahnhof Neustadt";16;"Dresden Bahnhof Neustadt";60
16;"Dresden Bahnhof Neustadt";16;"Dresden Bahnhof Neustadt";240
16;"Dresden Bahnhof Neustadt";16;"Dresden Bahnhof Neustadt";180
16;"Dresden Bahnhof Neustadt";16;"Dresden Bahnhof Neustadt";180
16;"Dresden Bahnhof Neustadt";16;"Dresden Bahnhof Neustadt";180
16;"Dresden Bahnhof Neustadt";16;"Dresden Bahnhof Neustadt";180
16;"Dresden Bahnhof Neustadt";16;"Dresden Bahnhof Neustadt";300
16;"Dresden Bahnhof Neustadt";16;"Dresden Bahnhof Neustadt";300
16;"Dresden Bahnhof Neustadt";16;"Dresden Bahnhof Neustadt";240
16;"Dresden Bahnhof Neustadt";16;"Dresden Bahnhof Neustadt";240
16;"Dresden Bahnhof Neustadt";16;"Dresden Bahnhof Neustadt";180
16;"Dresden Bahnhof Neustadt";16;"Dresden Bahnhof Neustadt";240
16;"Dresden Bahnhof Neustadt";16;"Dresden Bahnhof Neustadt";120
16;"Dresden Bahnhof Neustadt";16;"Dresden Bahnhof Neustadt";180
16;"Dresden Bahnhof Neustadt";16;"Dresden Bahnhof Neustadt";60
16;"Dresden Bahnhof Neustadt";16;"Dresden Bahnhof Neustadt";120
16;"Dresden Bahnhof Neustadt";16;"Dresden Bahnhof Neustadt";180
16;"Dresden Bahnhof Neustadt";16;"Dresden Bahnhof Neustadt";120
16;"Dresden Bahnhof Neustadt";16;"Dresden Bahnhof Neustadt";240
16;"Dresden Bahnhof Neustadt";16;"Dresden Bahnhof Neustadt";180
16;"Dresden Bahnhof Neustadt";16;"Dresden Bahnhof Neustadt";180
16;"Dresden Bahnhof Neustadt";16;"Dresden Bahnhof Neustadt";120
16;"Dresden Bahnhof Neustadt";16;"Dresden Bahnhof Neustadt";120
16;"Dresden Bahnhof Neustadt";16;"Dresden Bahnhof Neustadt";180
16;"Dresden Bahnhof Neustadt";16;"Dresden Bahnhof Neustadt";180
16;"Dresden Bahnhof Neustadt";16;"Dresden Bahnhof Neustadt";240
16;"Dresden Bahnhof Neustadt";16;"Dresden Bahnhof Neustadt";120
16;"Dresden Bahnhof Neustadt";16;"Dresden Bahnhof Neustadt";180
16;"Dresden Bahnhof Neustadt";16;"Dresden Bahnhof Neustadt";120
16;"Dresden Bahnhof Neustadt";16;"Dresden Bahnhof Neustadt";120
17;"Dresden Anton-/Leipziger Str.";17;"Dresden Anton-/Leipziger Str.";180
17;"Dresden Anton-/Leipziger Str.";17;"Dresden Anton-/Leipziger Str.";180
17;"Dresden Anton-/Leipziger Str.";17;"Dresden Anton-/Leipziger Str.";180
17;"Dresden Anton-/Leipziger Str.";17;"Dresden Anton-/Leipziger Str.";120
17;"Dresden Anton-/Leipziger Str.";17;"Dresden Anton-/Leipziger Str.";300
17;"Dresden Anton-/Leipziger Str.";17;"Dresden Anton-/Leipziger Str.";180
17;"Dresden Anton-/Leipziger Str.";17;"Dresden Anton-/Leipziger Str.";300
17;"Dresden Anton-/Leipziger Str.";17;"Dresden Anton-/Leipziger Str.";120
17;"Dresden Anton-/Leipziger Str.";17;"Dresden Anton-/Leipziger Str.";300
17;"Dresden Anton-/Leipziger Str.";17;"Dresden Anton-/Leipziger Str.";120
17;"Dresden Anton-/Leipziger Str.";17;"Dresden Anton-/Leipziger Str.";180
17;"Dresden Anton-/Leipziger Str.";17;"Dresden Anton-/Leipziger Str.";300
17;"Dresden Anton-/Leipziger Str.";17;"Dresden Anton-/Leipziger Str.";120
17;"Dresden Anton-/Leipziger Str.";17;"Dresden Anton-/Leipziger Str.";120
17;"Dresden Anton-/Leipziger Str.";17;"Dresden Anton-/Leipziger Str.";180
17;"Dresden Anton-/Leipziger Str.";17;"Dresden Anton-/Leipziger Str.";180
17;"Dresden Anton-/Leipziger Str.";17;"Dresden Anton-/Leipziger Str.";120
17;"Dresden Anton-/Leipziger Str.";17;"Dresden Anton-/Leipziger Str.";120
17;"Dresden Anton-/Leipziger Str.";17;"Dresden Anton-/Leipziger Str.";120
17;"Dresden Anton-/Leipziger Str.";17;"Dresden Anton-/Leipziger Str.";180
17;"Dresden Anton-/Leipziger Str.";17;"Dresden Anton-/Leipziger Str.";180
17;"Dresden Anton-/Leipziger Str.";17;"Dresden Anton-/Leipziger Str.";180
17;"Dresden Anton-/Leipziger Str.";17;"Dresden Anton-/Leipziger Str.";180
17;"Dresden Anton-/Leipziger Str.";17;"Dresden Anton-/Leipziger Str.";180
17;"Dresden Anton-/Leipziger Str.";17;"Dresden Anton-/Leipziger Str.";120
18;"Dresden Palaisplatz";18;"Dresden Palaisplatz";120
18;"Dresden Palaisplatz";18;"Dresden Palaisplatz";120
18;"Dresden Palaisplatz";18;"Dresden Palaisplatz";120
18;"Dresden Palaisplatz";18;"Dresden Palaisplatz";120
19;"Dresden Neustädter Markt";19;"Dresden Neustädter Markt";120
19;"Dresden Neustädter Markt";19;"Dresden Neustädter Markt";180
19;"Dresden Neustädter Markt";19;"Dresden Neustädter Markt";120
19;"Dresden Neustädter Markt";19;"Dresden Neustädter Markt";180
20;"Dresden Theaterplatz";20;"Dresden Theaterplatz";180
20;"Dresden Theaterplatz";20;"Dresden Theaterplatz";120
20;"Dresden Theaterplatz";20;"Dresden Theaterplatz";120
20;"Dresden Theaterplatz";20;"Dresden Theaterplatz";180
21;"DD Kongresszentrum/H d Presse";21;"DD Kongresszentrum/H d Presse";180
21;"DD Kongresszentrum/H d Presse";21;"DD Kongresszentrum/H d Presse";120
21;"DD Kongresszentrum/H d Presse";21;"DD Kongresszentrum/H d Presse";120
21;"DD Kongresszentrum/H d Presse";21;"DD Kongresszentrum/H d Presse";180
23;"Dresden Schweriner Straße";23;"Dresden Schweriner Straße";120
25;"Dresden Hp Freiberger Straße";25;"Dresden Hp Freiberger Straße";360
25;"Dresden Hp Freiberger Straße";25;"Dresden Hp Freiberger Straße";180
25;"Dresden Hp Freiberger Straße";25;"Dresden Hp Freiberger Straße";180
25;"Dresden Hp Freiberger Straße";25;"Dresden Hp Freiberger Straße";180
25;"Dresden Hp Freiberger Straße";25;"Dresden Hp Freiberger Straße";120
25;"Dresden Hp Freiberger Straße";25;"Dresden Hp Freiberger Straße";120
25;"Dresden Hp Freiberger Straße";25;"Dresden Hp Freiberger Straße";180
25;"Dresden Hp Freiberger Straße";25;"Dresden Hp Freiberger Straße";180
25;"Dresden Hp Freiberger Straße";25;"Dresden Hp Freiberger Straße";120
25;"Dresden Hp Freiberger Straße";25;"Dresden Hp Freiberger Straße";120
25;"Dresden Hp Freiberger Straße";25;"Dresden Hp Freiberger Straße";360
25;"Dresden Hp Freiberger Straße";25;"Dresden Hp Freiberger Straße";90
25;"Dresden Hp Freiberger Straße";25;"Dresden Hp Freiberger Straße";120
25;"Dresden Hp Freiberger Straße";25;"Dresden Hp Freiberger Straße";180
25;"Dresden Hp Freiberger Straße";25;"Dresden Hp Freiberger Straße";180
25;"Dresden Hp Freiberger Straße";25;"Dresden Hp Freiberger Straße";180
25;"Dresden Hp Freiberger Straße";25;"Dresden Hp Freiberger Straße";120
25;"Dresden Hp Freiberger Straße";25;"Dresden Hp Freiberger Straße";90
25;"Dresden Hp Freiberger Straße";25;"Dresden Hp Freiberger Straße";180
25;"Dresden Hp Freiberger Straße";25;"Dresden Hp Freiberger Straße";180
25;"Dresden Hp Freiberger Straße";25;"Dresden Hp Freiberger Straße";180
25;"Dresden Hp Freiberger Straße";25;"Dresden Hp Freiberger Straße";180
25;"Dresden Hp Freiberger Straße";25;"Dresden Hp Freiberger Straße";180
25;"Dresden Hp Freiberger Straße";25;"Dresden Hp Freiberger Straße";360
25;"Dresden Hp Freiberger Straße";25;"Dresden Hp Freiberger Straße";360
25;"Dresden Hp Freiberger Straße";25;"Dresden Hp Freiberger Straße";300
25;"Dresden Hp Freiberger Straße";25;"Dresden Hp Freiberger Straße";180
25;"Dresden Hp Freiberger Straße";25;"Dresden Hp Freiberger Straße";180
25;"Dresden Hp Freiberger Straße";25;"Dresden Hp Freiberger Straße";180
25;"Dresden Hp Freiberger Straße";25;"Dresden Hp Freiberger Straße";180
25;"Dresden Hp Freiberger Straße";25;"Dresden Hp Freiberger Straße";180
25;"Dresden Hp Freiberger Straße";25;"Dresden Hp Freiberger Straße";120
25;"Dresden Hp Freiberger Straße";25;"Dresden Hp Freiberger Straße";180
25;"Dresden Hp Freiberger Straße";25;"Dresden Hp Freiberger Straße";180
25;"Dresden Hp Freiberger Straße";25;"Dresden Hp Freiberger Straße";180
25;"Dresden Hp Freiberger Straße";25;"Dresden Hp Freiberger Straße";180
25;"Dresden Hp Freiberger Straße";25;"Dresden Hp Freiberger Straße";180
25;"Dresden Hp Freiberger Straße";25;"Dresden Hp Freiberger Straße";180
25;"Dresden Hp Freiberger Straße";25;"Dresden Hp Freiberger Straße";300
26;"Dresden Alfred-Althus-Straße";26;"Dresden Alfred-Althus-Straße";120
27;"Dresden Budapester Straße";27;"Dresden Budapester Straße";180
27;"Dresden Budapester Straße";27;"Dresden Budapester Straße";120
27;"Dresden Budapester Straße";27;"Dresden Budapester Straße";120
27;"Dresden Budapester Straße";27;"Dresden Budapester Straße";180
28;"Dresden Hauptbahnhof";28;"Dresden Hauptbahnhof";300
28;"Dresden Hauptbahnhof";28;"Dresden Hauptbahnhof";180
28;"Dresden Hauptbahnhof";28;"Dresden Hauptbahnhof";300
28;"Dresden Hauptbahnhof";28;"Dresden Hauptbahnhof";300
28;"Dresden Hauptbahnhof";28;"Dresden Hauptbahnhof";180
28;"Dresden Hauptbahnhof";28;"Dresden Hauptbahnhof";300
28;"Dresden Hauptbahnhof";28;"Dresden Hauptbahnhof";300
28;"Dresden Hauptbahnhof";28;"Dresden Hauptbahnhof";120
28;"Dresden Hauptbahnhof";28;"Dresden Hauptbahnhof";300
28;"Dresden Hauptbahnhof";28;"Dresden Hauptbahnhof";180
28;"Dresden Hauptbahnhof";28;"Dresden Hauptbahnhof";120
28;"Dresden Hauptbahnhof";28;"Dresden Hauptbahnhof";120
28;"Dresden Hauptbahnhof";28;"Dresden Hauptbahnhof";180
28;"Dresden Hauptbahnhof";28;"Dresden Hauptbahnhof";180
28;"Dresden Hauptbahnhof";28;"Dresden Hauptbahnhof";120
28;"Dresden Hauptbahnhof";28;"Dresden Hauptbahnhof";180
28;"Dresden Hauptbahnhof";28;"Dresden Hauptbahnhof";300
28;"Dresden Hauptbahnhof";28;"Dresden Hauptbahnhof";180
28;"Dresden Hauptbahnhof";28;"Dresden Hauptbahnhof";180
28;"Dresden Hauptbahnhof";28;"Dresden Hauptbahnhof";300
28;"Dresden Hauptbahnhof";28;"Dresden Hauptbahnhof";120
28;"Dresden Hauptbahnhof";28;"Dresden Hauptbahnhof";120
28;"Dresden Hauptbahnhof";28;"Dresden Hauptbahnhof";180
28;"Dresden Hauptbahnhof";28;"Dresden Hauptbahnhof";180
28;"Dresden Hauptbahnhof";28;"Dresden Hauptbahnhof";420
28;"Dresden Hauptbahnhof";28;"Dresden Hauptbahnhof";180
28;"Dresden Hauptbahnhof";28;"Dresden Hauptbahnhof";180
28;"Dresden Hauptbahnhof";28;"Dresden Hauptbahnhof";180
28;"Dresden Hauptbahnhof";28;"Dresden Hauptbahnhof";360
28;"Dresden Hauptbahnhof";28;"Dresden Hauptbahnhof";180
28;"Dresden Hauptbahnhof";28;"Dresden Hauptbahnhof";420
28;"Dresden Hauptbahnhof";28;"Dresden Hauptbahnhof";180
28;"Dresden Hauptbahnhof";28;"Dresden Hauptbahnhof";180
28;"Dresden Hauptbahnhof";28;"Dresden Hauptbahnhof";240
28;"Dresden Hauptbahnhof";28;"Dresden Hauptbahnhof";120
28;"Dresden Hauptbahnhof";28;"Dresden Hauptbahnhof";120
28;"Dresden Hauptbahnhof";28;"Dresden Hauptbahnhof";120
28;"Dresden Hauptbahnhof";28;"Dresden Hauptbahnhof";180
28;"Dresden Hauptbahnhof";28;"Dresden Hauptbahnhof";300
28;"Dresden Hauptbahnhof";28;"Dresden Hauptbahnhof";180
28;"Dresden Hauptbahnhof";28;"Dresden Hauptbahnhof";300
28;"Dresden Hauptbahnhof";28;"Dresden Hauptbahnhof";180
28;"Dresden Hauptbahnhof";28;"Dresden Hauptbahnhof";120
28;"Dresden Hauptbahnhof";28;"Dresden Hauptbahnhof";180
28;"Dresden Hauptbahnhof";28;"Dresden Hauptbahnhof";180
28;"Dresden Hauptbahnhof";28;"Dresden Hauptbahnhof";300
28;"Dresden Hauptbahnhof";28;"Dresden Hauptbahnhof";180
28;"Dresden Hauptbahnhof";28;"Dresden Hauptbahnhof";300
28;"Dresden Hauptbahnhof";28;"Dresden Hauptbahnhof";180
28;"Dresden Hauptbahnhof";28;"Dresden Hauptbahnhof";300
28;"Dresden Hauptbahnhof";28;"Dresden Hauptbahnhof";180
28;"Dresden Hauptbahnhof";28;"Dresden Hauptbahnhof";420
28;"Dresden Hauptbahnhof";28;"Dresden Hauptbahnhof";300
28;"Dresden Hauptbahnhof";28;"Dresden Hauptbahnhof";120
28;"Dresden Hauptbahnhof";28;"Dresden Hauptbahnhof";180
28;"Dresden Hauptbahnhof";28;"Dresden Hauptbahnhof";360
28;"Dresden Hauptbahnhof";28;"Dresden Hauptbahnhof";300
28;"Dresden Hauptbahnhof";28;"Dresden Hauptbahnhof";300
28;"Dresden Hauptbahnhof";28;"Dresden Hauptbahnhof";240
28;"Dresden Hauptbahnhof";28;"Dresden Hauptbahnhof";180
28;"Dresden Hauptbahnhof";28;"Dresden Hauptbahnhof";300
28;"Dresden Hauptbahnhof";28;"Dresden Hauptbahnhof";180
28;"Dresden Hauptbahnhof";28;"Dresden Hauptbahnhof";300
28;"Dresden Hauptbahnhof";28;"Dresden Hauptbahnhof";300
28;"Dresden Hauptbahnhof";28;"Dresden Hauptbahnhof";300
28;"Dresden Hauptbahnhof";28;"Dresden Hauptbahnhof";180
28;"Dresden Hauptbahnhof";28;"Dresden Hauptbahnhof";300
28;"Dresden Hauptbahnhof";28;"Dresden Hauptbahnhof";420
29;"Dresden Walpurgisstraße";29;"Dresden Walpurgisstraße";120
29;"Dresden Walpurgisstraße";29;"Dresden Walpurgisstraße";120
29;"Dresden Walpurgisstraße";29;"Dresden Walpurgisstraße";120
29;"Dresden Walpurgisstraße";29;"Dresden Walpurgisstraße";120
30;"Dresden Gret-Palucca-Straße";30;"Dresden Gret-Palucca-Straße";180
30;"Dresden Gret-Palucca-Straße";30;"Dresden Gret-Palucca-Straße";180
30;"Dresden Gret-Palucca-Straße";30;"Dresden Gret-Palucca-Straße";120
30;"Dresden Gret-Palucca-Straße";30;"Dresden Gret-Palucca-Straße";120
30;"Dresden Gret-Palucca-Straße";30;"Dresden Gret-Palucca-Straße";300
30;"Dresden Gret-Palucca-Straße";30;"Dresden Gret-Palucca-Straße";180
30;"Dresden Gret-Palucca-Straße";30;"Dresden Gret-Palucca-Straße";120
30;"Dresden Gret-Palucca-Straße";30;"Dresden Gret-Palucca-Straße";180
30;"Dresden Gret-Palucca-Straße";30;"Dresden Gret-Palucca-Straße";300
32;"Dresden Hauptbahnhof Nord";32;"Dresden Hauptbahnhof Nord";120
32;"Dresden Hauptbahnhof Nord";32;"Dresden Hauptbahnhof Nord";120
32;"Dresden Hauptbahnhof Nord";32;"Dresden Hauptbahnhof Nord";120
32;"Dresden Hauptbahnhof Nord";32;"Dresden Hauptbahnhof Nord";120
35;"Dresden Am Zwingerteich";35;"Dresden Am Zwingerteich";120
35;"Dresden Am Zwingerteich";35;"Dresden Am Zwingerteich";120
35;"Dresden Am Zwingerteich";35;"Dresden Am Zwingerteich";120
35;"Dresden Am Zwingerteich";35;"Dresden Am Zwingerteich";120
37;"Dresden Postplatz";37;"Dresden Postplatz";120
37;"Dresden Postplatz";37;"Dresden Postplatz";240
37;"Dresden Postplatz";37;"Dresden Postplatz";300
37;"Dresden Postplatz";37;"Dresden Postplatz";120
37;"Dresden Postplatz";37;"Dresden Postplatz";240
37;"Dresden Postplatz";37;"Dresden Postplatz";180
37;"Dresden Postplatz";37;"Dresden Postplatz";120
37;"Dresden Postplatz";37;"Dresden Postplatz";120
37;"Dresden Postplatz";37;"Dresden Postplatz";300
37;"Dresden Postplatz";37;"Dresden Postplatz";240
37;"Dresden Postplatz";37;"Dresden Postplatz";240
37;"Dresden Postplatz";37;"Dresden Postplatz";120
37;"Dresden Postplatz";37;"Dresden Postplatz";120
37;"Dresden Postplatz";37;"Dresden Postplatz";300
37;"Dresden Postplatz";37;"Dresden Postplatz";180
37;"Dresden Postplatz";37;"Dresden Postplatz";300
42;"Dresden Trinitatisplatz";42;"Dresden Trinitatisplatz";120
43;"DD Blasewitzer/Fetscherstraße";43;"DD Blasewitzer/Fetscherstraße";120
44;"Dresden Gabelsbergerstraße";44;"Dresden Gabelsbergerstraße";120
48;"Dresden Augsburger Straße";48;"Dresden Augsburger Straße";120
48;"Dresden Augsburger Straße";48;"Dresden Augsburger Straße";120
48;"Dresden Augsburger Straße";48;"Dresden Augsburger Straße";120
48;"Dresden Augsburger Straße";48;"Dresden Augsburger Straße";120
49;"Dresden Königsheimplatz";49;"Dresden Königsheimplatz";120
50;"Dresden Lene-Glatzer-Straße";50;"Dresden Lene-Glatzer-Straße";120
51;"Dresden Prellerstraße";51;"Dresden Prellerstraße";120
52;"Dresden Schillerplatz";52;"Dresden Schillerplatz";120
52;"Dresden Schillerplatz";52;"Dresden Schillerplatz";240
52;"Dresden Schillerplatz";52;"Dresden Schillerplatz";240
52;"Dresden Schillerplatz";52;"Dresden Schillerplatz";300
52;"Dresden Schillerplatz";52;"Dresden Schillerplatz";120
52;"Dresden Schillerplatz";52;"Dresden Schillerplatz";300
52;"Dresden Schillerplatz";52;"Dresden Schillerplatz";300
52;"Dresden Schillerplatz";52;"Dresden Schillerplatz";240
52;"Dresden Schillerplatz";52;"Dresden Schillerplatz";120
52;"Dresden Schillerplatz";52;"Dresden Schillerplatz";420
52;"Dresden Schillerplatz";52;"Dresden Schillerplatz";240
52;"Dresden Schillerplatz";52;"Dresden Schillerplatz";300
52;"Dresden Schillerplatz";52;"Dresden Schillerplatz";420
52;"Dresden Schillerplatz";52;"Dresden Schillerplatz";120
52;"Dresden Schillerplatz";52;"Dresden Schillerplatz";300
52;"Dresden Schillerplatz";52;"Dresden Schillerplatz";300
54;"Dresden Heinrich-Schütz-Straße";54;"Dresden Heinrich-Schütz-Straße";120
55;"Dresden Gustav-Freytag-Straße";55;"Dresden Gustav-Freytag-Straße";120
56;"Dresden Jüngststraße";56;"Dresden Jüngststraße";120
56;"Dresden Jüngststraße";56;"Dresden Jüngststraße";120
56;"Dresden Jüngststraße";56;"Dresden Jüngststraße";120
56;"Dresden Jüngststraße";56;"Dresden Jüngststraße";120
61;"Dresden Krhs. St. Joseph-Stift";61;"Dresden Krhs. St. Joseph-Stift";120
62;"Dresden Fetscherplatz";62;"Dresden Fetscherplatz";90
62;"Dresden Fetscherplatz";62;"Dresden Fetscherplatz";120
62;"Dresden Fetscherplatz";62;"Dresden Fetscherplatz";180
62;"Dresden Fetscherplatz";62;"Dresden Fetscherplatz";240
62;"Dresden Fetscherplatz";62;"Dresden Fetscherplatz";240
62;"Dresden Fetscherplatz";62;"Dresden Fetscherplatz";120
62;"Dresden Fetscherplatz";62;"Dresden Fetscherplatz";120
62;"Dresden Fetscherplatz";62;"Dresden Fetscherplatz";120
62;"Dresden Fetscherplatz";62;"Dresden Fetscherplatz";240
62;"Dresden Fetscherplatz";62;"Dresden Fetscherplatz";300
62;"Dresden Fetscherplatz";62;"Dresden Fetscherplatz";120
62;"Dresden Fetscherplatz";62;"Dresden Fetscherplatz";120
62;"Dresden Fetscherplatz";62;"Dresden Fetscherplatz";300
62;"Dresden Fetscherplatz";62;"Dresden Fetscherplatz";360
62;"Dresden Fetscherplatz";62;"Dresden Fetscherplatz";180
62;"Dresden Fetscherplatz";62;"Dresden Fetscherplatz";300
62;"Dresden Fetscherplatz";62;"Dresden Fetscherplatz";120
62;"Dresden Fetscherplatz";62;"Dresden Fetscherplatz";240
62;"Dresden Fetscherplatz";62;"Dresden Fetscherplatz";240
62;"Dresden Fetscherplatz";62;"Dresden Fetscherplatz";240
62;"Dresden Fetscherplatz";62;"Dresden Fetscherplatz";240
62;"Dresden Fetscherplatz";62;"Dresden Fetscherplatz";120
62;"Dresden Fetscherplatz";62;"Dresden Fetscherplatz";240
62;"Dresden Fetscherplatz";62;"Dresden Fetscherplatz";300
62;"Dresden Fetscherplatz";62;"Dresden Fetscherplatz";360
63;"Dresden Mosenstraße";63;"Dresden Mosenstraße";300
63;"Dresden Mosenstraße";63;"Dresden Mosenstraße";360
63;"Dresden Mosenstraße";63;"Dresden Mosenstraße";240
63;"Dresden Mosenstraße";63;"Dresden Mosenstraße";240
63;"Dresden Mosenstraße";63;"Dresden Mosenstraße";240
63;"Dresden Mosenstraße";63;"Dresden Mosenstraße";120
63;"Dresden Mosenstraße";63;"Dresden Mosenstraße";420
63;"Dresden Mosenstraße";63;"Dresden Mosenstraße";420
63;"Dresden Mosenstraße";63;"Dresden Mosenstraße";480
63;"Dresden Mosenstraße";63;"Dresden Mosenstraße";480
63;"Dresden Mosenstraße";63;"Dresden Mosenstraße";120
63;"Dresden Mosenstraße";63;"Dresden Mosenstraße";240
63;"Dresden Mosenstraße";63;"Dresden Mosenstraße";180
63;"Dresden Mosenstraße";63;"Dresden Mosenstraße";120
63;"Dresden Mosenstraße";63;"Dresden Mosenstraße";480
63;"Dresden Mosenstraße";63;"Dresden Mosenstraße";240
63;"Dresden Mosenstraße";63;"Dresden Mosenstraße";480
63;"Dresden Mosenstraße";63;"Dresden Mosenstraße";540
63;"Dresden Mosenstraße";63;"Dresden Mosenstraße";420
63;"Dresden Mosenstraße";63;"Dresden Mosenstraße";420
63;"Dresden Mosenstraße";63;"Dresden Mosenstraße";120
63;"Dresden Mosenstraße";63;"Dresden Mosenstraße";180
63;"Dresden Mosenstraße";63;"Dresden Mosenstraße";480
63;"Dresden Mosenstraße";63;"Dresden Mosenstraße";240
63;"Dresden Mosenstraße";63;"Dresden Mosenstraße";300
63;"Dresden Mosenstraße";63;"Dresden Mosenstraße";120
63;"Dresden Mosenstraße";63;"Dresden Mosenstraße";420
63;"Dresden Mosenstraße";63;"Dresden Mosenstraße";540
63;"Dresden Mosenstraße";63;"Dresden Mosenstraße";420
63;"Dresden Mosenstraße";63;"Dresden Mosenstraße";360
63;"Dresden Mosenstraße";63;"Dresden Mosenstraße";120
63;"Dresden Mosenstraße";63;"Dresden Mosenstraße";300
63;"Dresden Mosenstraße";63;"Dresden Mosenstraße";420
63;"Dresden Mosenstraße";63;"Dresden Mosenstraße";480
63;"Dresden Mosenstraße";63;"Dresden Mosenstraße";420
63;"Dresden Mosenstraße";63;"Dresden Mosenstraße";300
64;"Dresden Bergmannstraße";64;"Dresden Bergmannstraße";180
64;"Dresden Bergmannstraße";64;"Dresden Bergmannstraße";120
64;"Dresden Bergmannstraße";64;"Dresden Bergmannstraße";300
64;"Dresden Bergmannstraße";64;"Dresden Bergmannstraße";300
64;"Dresden Bergmannstraße";64;"Dresden Bergmannstraße";120
64;"Dresden Bergmannstraße";64;"Dresden Bergmannstraße";360
64;"Dresden Bergmannstraße";64;"Dresden Bergmannstraße";360
64;"Dresden Bergmannstraße";64;"Dresden Bergmannstraße";120
64;"Dresden Bergmannstraße";64;"Dresden Bergmannstraße";180
65;"Dresden Pohlandplatz";65;"Dresden Pohlandplatz";120
65;"Dresden Pohlandplatz";65;"Dresden Pohlandplatz";120
65;"Dresden Pohlandplatz";65;"Dresden Pohlandplatz";120
65;"Dresden Pohlandplatz";65;"Dresden Pohlandplatz";120
65;"Dresden Pohlandplatz";65;"Dresden Pohlandplatz";120
65;"Dresden Pohlandplatz";65;"Dresden Pohlandplatz";120
65;"Dresden Pohlandplatz";65;"Dresden Pohlandplatz";120
65;"Dresden Pohlandplatz";65;"Dresden Pohlandplatz";120
65;"Dresden Pohlandplatz";65;"Dresden Pohlandplatz";120
65;"Dresden Pohlandplatz";65;"Dresden Pohlandplatz";120
66;"Dresden Gottleubaer Straße";66;"Dresden Gottleubaer Straße";120
67;"Dresden Altenberger Straße";67;"Dresden Altenberger Straße";120
67;"Dresden Altenberger Straße";67;"Dresden Altenberger Straße";120
67;"Dresden Altenberger Straße";67;"Dresden Altenberger Straße";120
67;"Dresden Altenberger Straße";67;"Dresden Altenberger Straße";120
68;"Dresden Ludwig-Hartmann-Straße";68;"Dresden Ludwig-Hartmann-Straße";120
68;"Dresden Ludwig-Hartmann-Straße";68;"Dresden Ludwig-Hartmann-Straße";120
68;"Dresden Ludwig-Hartmann-Straße";68;"Dresden Ludwig-Hartmann-Straße";120
68;"Dresden Ludwig-Hartmann-Straße";68;"Dresden Ludwig-Hartmann-Straße";120
69;"Dresden Johannisfriedhof";69;"Dresden Johannisfriedhof";120
70;"Dresden Tolkewitz Urnenhain";70;"Dresden Tolkewitz Urnenhain";120
71;"Dresden Wasserwerk Tolkewitz";71;"Dresden Wasserwerk Tolkewitz";120
72;"Dresden Alttolkewitz";72;"Dresden Alttolkewitz";120
73;"Dresden Hermann-Seidel-Straße";73;"Dresden Hermann-Seidel-Straße";120
73;"Dresden Hermann-Seidel-Straße";73;"Dresden Hermann-Seidel-Straße";120
74;"Dresden Leubener Straße";74;"Dresden Leubener Straße";120
74;"Dresden Leubener Straße";74;"Dresden Leubener Straße";120
74;"Dresden Leubener Straße";74;"Dresden Leubener Straße";120
74;"Dresden Leubener Straße";74;"Dresden Leubener Straße";120
75;"Dresden Kronstädter Platz";75;"Dresden Kronstädter Platz";180
76;"Dresden Laibacher Straße";76;"Dresden Laibacher Straße";120
77;"Dresden Großglocknerstraße";77;"Dresden Großglocknerstraße";180
78;"Dresden Friedhof Leuben";78;"Dresden Friedhof Leuben";120
80;"Dresden St.-Benno-Gymnasium";80;"Dresden St.-Benno-Gymnasium";120
81;"Dresden Comeniusplatz";81;"Dresden Comeniusplatz";180
81;"Dresden Comeniusplatz";81;"Dresden Comeniusplatz";120
81;"Dresden Comeniusplatz";81;"Dresden Comeniusplatz";180
81;"Dresden Comeniusplatz";81;"Dresden Comeniusplatz";240
81;"Dresden Comeniusplatz";81;"Dresden Comeniusplatz";180
81;"Dresden Comeniusplatz";81;"Dresden Comeniusplatz";120
81;"Dresden Comeniusplatz";81;"Dresden Comeniusplatz";240
81;"Dresden Comeniusplatz";81;"Dresden Comeniusplatz";120
81;"Dresden Comeniusplatz";81;"Dresden Comeniusplatz";180
82;"Dresden Lipsiusstraße";82;"Dresden Lipsiusstraße";240
82;"Dresden Lipsiusstraße";82;"Dresden Lipsiusstraße";540
82;"Dresden Lipsiusstraße";82;"Dresden Lipsiusstraße";120
82;"Dresden Lipsiusstraße";82;"Dresden Lipsiusstraße";120
82;"Dresden Lipsiusstraße";82;"Dresden Lipsiusstraße";420
82;"Dresden Lipsiusstraße";82;"Dresden Lipsiusstraße";240
82;"Dresden Lipsiusstraße";82;"Dresden Lipsiusstraße";120
82;"Dresden Lipsiusstraße";82;"Dresden Lipsiusstraße";540
82;"Dresden Lipsiusstraße";82;"Dresden Lipsiusstraße";420
83;"Dresden Karcherallee";83;"Dresden Karcherallee";120
83;"Dresden Karcherallee";83;"Dresden Karcherallee";120
83;"Dresden Karcherallee";83;"Dresden Karcherallee";120
83;"Dresden Karcherallee";83;"Dresden Karcherallee";120
84;"Dresden Zwinglistraße";84;"Dresden Zwinglistraße";300
84;"Dresden Zwinglistraße";84;"Dresden Zwinglistraße";120
84;"Dresden Zwinglistraße";84;"Dresden Zwinglistraße";300
84;"Dresden Zwinglistraße";84;"Dresden Zwinglistraße";300
84;"Dresden Zwinglistraße";84;"Dresden Zwinglistraße";300
84;"Dresden Zwinglistraße";84;"Dresden Zwinglistraße";120
84;"Dresden Zwinglistraße";84;"Dresden Zwinglistraße";600
84;"Dresden Zwinglistraße";84;"Dresden Zwinglistraße";600
84;"Dresden Zwinglistraße";84;"Dresden Zwinglistraße";600
84;"Dresden Zwinglistraße";84;"Dresden Zwinglistraße";120
84;"Dresden Zwinglistraße";84;"Dresden Zwinglistraße";300
84;"Dresden Zwinglistraße";84;"Dresden Zwinglistraße";300
84;"Dresden Zwinglistraße";84;"Dresden Zwinglistraße";300
84;"Dresden Zwinglistraße";84;"Dresden Zwinglistraße";120
84;"Dresden Zwinglistraße";84;"Dresden Zwinglistraße";300
84;"Dresden Zwinglistraße";84;"Dresden Zwinglistraße";600
85;"Dresden Liebstädter Straße";85;"Dresden Liebstädter Straße";180
85;"Dresden Liebstädter Straße";85;"Dresden Liebstädter Straße";120
85;"Dresden Liebstädter Straße";85;"Dresden Liebstädter Straße";120
85;"Dresden Liebstädter Straße";85;"Dresden Liebstädter Straße";180
86;"Dresden Rauensteinstraße";86;"Dresden Rauensteinstraße";120
86;"Dresden Rauensteinstraße";86;"Dresden Rauensteinstraße";120
86;"Dresden Rauensteinstraße";86;"Dresden Rauensteinstraße";120
86;"Dresden Rauensteinstraße";86;"Dresden Rauensteinstraße";120
87;"Dresden Rennplatzstraße";87;"Dresden Rennplatzstraße";120
87;"Dresden Rennplatzstraße";87;"Dresden Rennplatzstraße";120
87;"Dresden Rennplatzstraße";87;"Dresden Rennplatzstraße";120
87;"Dresden Rennplatzstraße";87;"Dresden Rennplatzstraße";120
87;"Dresden Rennplatzstraße";87;"Dresden Rennplatzstraße";120
87;"Dresden Rennplatzstraße";87;"Dresden Rennplatzstraße";120
87;"Dresden Rennplatzstraße";87;"Dresden Rennplatzstraße";120
87;"Dresden Rennplatzstraße";87;"Dresden Rennplatzstraße";120
87;"Dresden Rennplatzstraße";87;"Dresden Rennplatzstraße";120
87;"Dresden Rennplatzstraße";87;"Dresden Rennplatzstraße";120
87;"Dresden Rennplatzstraße";87;"Dresden Rennplatzstraße";120
87;"Dresden Rennplatzstraße";87;"Dresden Rennplatzstraße";120
87;"Dresden Rennplatzstraße";87;"Dresden Rennplatzstraße";120
87;"Dresden Rennplatzstraße";87;"Dresden Rennplatzstraße";120
87;"Dresden Rennplatzstraße";87;"Dresden Rennplatzstraße";120
87;"Dresden Rennplatzstraße";87;"Dresden Rennplatzstraße";120
88;"Dresden Marienberger Straße";88;"Dresden Marienberger Straße";120
88;"Dresden Marienberger Straße";88;"Dresden Marienberger Straße";120
88;"Dresden Marienberger Straße";88;"Dresden Marienberger Straße";120
88;"Dresden Marienberger Straße";88;"Dresden Marienberger Straße";120
88;"Dresden Marienberger Straße";88;"Dresden Marienberger Straße";120
88;"Dresden Marienberger Straße";88;"Dresden Marienberger Straße";120
88;"Dresden Marienberger Straße";88;"Dresden Marienberger Straße";120
88;"Dresden Marienberger Straße";88;"Dresden Marienberger Straße";120
88;"Dresden Marienberger Straße";88;"Dresden Marienberger Straße";120
89;"Dresden Prof.-Ricker-Straße";89;"Dresden Prof.-Ricker-Straße";120
89;"Dresden Prof.-Ricker-Straße";89;"Dresden Prof.-Ricker-Straße";120
89;"Dresden Prof.-Ricker-Straße";89;"Dresden Prof.-Ricker-Straße";120
89;"Dresden Prof.-Ricker-Straße";89;"Dresden Prof.-Ricker-Straße";120
90;"Dresden Lassallestraße";90;"Dresden Lassallestraße";120
90;"Dresden Lassallestraße";90;"Dresden Lassallestraße";120
90;"Dresden Lassallestraße";90;"Dresden Lassallestraße";180
90;"Dresden Lassallestraße";90;"Dresden Lassallestraße";120
90;"Dresden Lassallestraße";90;"Dresden Lassallestraße";120
90;"Dresden Lassallestraße";90;"Dresden Lassallestraße";180
90;"Dresden Lassallestraße";90;"Dresden Lassallestraße";120
90;"Dresden Lassallestraße";90;"Dresden Lassallestraße";120
90;"Dresden Lassallestraße";90;"Dresden Lassallestraße";120
90;"Dresden Lassallestraße";90;"Dresden Lassallestraße";120
90;"Dresden Lassallestraße";90;"Dresden Lassallestraße";120
90;"Dresden Lassallestraße";90;"Dresden Lassallestraße";120
90;"Dresden Lassallestraße";90;"Dresden Lassallestraße";120
90;"Dresden Lassallestraße";90;"Dresden Lassallestraße";120
90;"Dresden Lassallestraße";90;"Dresden Lassallestraße";120
90;"Dresden Lassallestraße";90;"Dresden Lassallestraße";120
91;"Dresden Abzweig nach Reick";91;"Dresden Abzweig nach Reick";120
91;"Dresden Abzweig nach Reick";91;"Dresden Abzweig nach Reick";120
91;"Dresden Abzweig nach Reick";91;"Dresden Abzweig nach Reick";120
91;"Dresden Abzweig nach Reick";91;"Dresden Abzweig nach Reick";120
92;"Dresden Rottwerndorfer Straße";92;"Dresden Rottwerndorfer Straße";120
92;"Dresden Rottwerndorfer Straße";92;"Dresden Rottwerndorfer Straße";120
92;"Dresden Rottwerndorfer Straße";92;"Dresden Rottwerndorfer Straße";120
92;"Dresden Rottwerndorfer Straße";92;"Dresden Rottwerndorfer Straße";120
93;"Dresden Altleuben";93;"Dresden Altleuben";120
94;"Dresden Berthold-Haupt-Straße";94;"Dresden Berthold-Haupt-Straße";120
94;"Dresden Berthold-Haupt-Straße";94;"Dresden Berthold-Haupt-Straße";120
94;"Dresden Berthold-Haupt-Straße";94;"Dresden Berthold-Haupt-Straße";120
94;"Dresden Berthold-Haupt-Straße";94;"Dresden Berthold-Haupt-Straße";120
96;"Dresden Guerickestraße";96;"Dresden Guerickestraße";120
97;"Dresden Straße des 17. Juni";97;"Dresden Straße des 17. Juni";120
98;"Dresden Bf Niedersedlitz";98;"Dresden Bf Niedersedlitz";300
98;"Dresden Bf Niedersedlitz";98;"Dresden Bf Niedersedlitz";120
98;"Dresden Bf Niedersedlitz";98;"Dresden Bf Niedersedlitz";120
98;"Dresden Bf Niedersedlitz";98;"Dresden Bf Niedersedlitz";180
98;"Dresden Bf Niedersedlitz";98;"Dresden Bf Niedersedlitz";60
98;"Dresden Bf Niedersedlitz";98;"Dresden Bf Niedersedlitz";120
98;"Dresden Bf Niedersedlitz";98;"Dresden Bf Niedersedlitz";120
98;"Dresden Bf Niedersedlitz";98;"Dresden Bf Niedersedlitz";60
98;"Dresden Bf Niedersedlitz";98;"Dresden Bf Niedersedlitz";180
98;"Dresden Bf Niedersedlitz";98;"Dresden Bf Niedersedlitz";60
98;"Dresden Bf Niedersedlitz";98;"Dresden Bf Niedersedlitz";120
98;"Dresden Bf Niedersedlitz";98;"Dresden Bf Niedersedlitz";0
98;"Dresden Bf Niedersedlitz";98;"Dresden Bf Niedersedlitz";120
98;"Dresden Bf Niedersedlitz";98;"Dresden Bf Niedersedlitz";60
99;"Dresden Heckenweg";99;"Dresden Heckenweg";120
100;"Dresden Meußlitzer Straße";100;"Dresden Meußlitzer Straße";120
100;"Dresden Meußlitzer Straße";100;"Dresden Meußlitzer Straße";120
100;"Dresden Meußlitzer Straße";100;"Dresden Meußlitzer Straße";120
100;"Dresden Meußlitzer Straße";100;"Dresden Meußlitzer Straße";120
100;"Dresden Meußlitzer Straße";100;"Dresden Meußlitzer Straße";120
100;"Dresden Meußlitzer Straße";100;"Dresden Meußlitzer Straße";120
100;"Dresden Meußlitzer Straße";100;"Dresden Meußlitzer Straße";120
100;"Dresden Meußlitzer Straße";100;"Dresden Meußlitzer Straße";120
100;"Dresden Meußlitzer Straße";100;"Dresden Meußlitzer Straße";120
101;"Dresden Freystraße";101;"Dresden Freystraße";120
101;"Dresden Freystraße";101;"Dresden Freystraße";120
101;"Dresden Freystraße";101;"Dresden Freystraße";120
101;"Dresden Freystraße";101;"Dresden Freystraße";120
103;"Dresden Försterlingstraße";103;"Dresden Försterlingstraße";120
111;"Dresden Lennéplatz";111;"Dresden Lennéplatz";180
111;"Dresden Lennéplatz";111;"Dresden Lennéplatz";120
111;"Dresden Lennéplatz";111;"Dresden Lennéplatz";180
111;"Dresden Lennéplatz";111;"Dresden Lennéplatz";120
112;"Dresden Zoo";112;"Dresden Zoo";120
112;"Dresden Zoo";112;"Dresden Zoo";360
112;"Dresden Zoo";112;"Dresden Zoo";360
112;"Dresden Zoo";112;"Dresden Zoo";420
113;"Dresden Querallee";113;"Dresden Querallee";120
113;"Dresden Querallee";113;"Dresden Querallee";120
113;"Dresden Querallee";113;"Dresden Querallee";120
113;"Dresden Querallee";113;"Dresden Querallee";120
114;"Dresden Julius-Otto-Straße";114;"Dresden Julius-Otto-Straße";120
115;"Dresden Wasaplatz";115;"Dresden Wasaplatz";180
115;"Dresden Wasaplatz";115;"Dresden Wasaplatz";120
115;"Dresden Wasaplatz";115;"Dresden Wasaplatz";120
115;"Dresden Wasaplatz";115;"Dresden Wasaplatz";180
116;"Dresden Mockritzer Straße";116;"Dresden Mockritzer Straße";120
117;"Dresden Hugo-Bürkner-Straße";117;"Dresden Hugo-Bürkner-Straße";120
117;"Dresden Hugo-Bürkner-Straße";117;"Dresden Hugo-Bürkner-Straße";120
117;"Dresden Hugo-Bürkner-Straße";117;"Dresden Hugo-Bürkner-Straße";120
117;"Dresden Hugo-Bürkner-Straße";117;"Dresden Hugo-Bürkner-Straße";120
118;"Dresden Cäcilienstraße";118;"Dresden Cäcilienstraße";120
119;"Dresden Eugen-Bracht-Straße";119;"Dresden Eugen-Bracht-Straße";120
120;"Dresden Otto-Dix-Ring";120;"Dresden Otto-Dix-Ring";120
121;"Dresden Wieckestraße";121;"Dresden Wieckestraße";120
122;"Dresden Lohrmannstraße";122;"Dresden Lohrmannstraße";180
122;"Dresden Lohrmannstraße";122;"Dresden Lohrmannstraße";120
122;"Dresden Lohrmannstraße";122;"Dresden Lohrmannstraße";120
122;"Dresden Lohrmannstraße";122;"Dresden Lohrmannstraße";120
122;"Dresden Lohrmannstraße";122;"Dresden Lohrmannstraße";120
122;"Dresden Lohrmannstraße";122;"Dresden Lohrmannstraße";180
122;"Dresden Lohrmannstraße";122;"Dresden Lohrmannstraße";120
122;"Dresden Lohrmannstraße";122;"Dresden Lohrmannstraße";120
122;"Dresden Lohrmannstraße";122;"Dresden Lohrmannstraße";120
123;"Dresden Hülßestraße";123;"Dresden Hülßestraße";120
124;"Dresden Altreick";124;"Dresden Altreick";120
125;"Dresden Mügelner Straße";125;"Dresden Mügelner Straße";120
125;"Dresden Mügelner Straße";125;"Dresden Mügelner Straße";120
125;"Dresden Mügelner Straße";125;"Dresden Mügelner Straße";120
125;"Dresden Mügelner Straße";125;"Dresden Mügelner Straße";120
126;"Dresden Breitscheidstraße";126;"Dresden Breitscheidstraße";120
126;"Dresden Breitscheidstraße";126;"Dresden Breitscheidstraße";120
126;"Dresden Breitscheidstraße";126;"Dresden Breitscheidstraße";120
126;"Dresden Breitscheidstraße";126;"Dresden Breitscheidstraße";120
127;"Dresden Trattendorfer Straße";127;"Dresden Trattendorfer Straße";120
131;"Dresden Reichenbachstraße";131;"Dresden Reichenbachstraße";360
131;"Dresden Reichenbachstraße";131;"Dresden Reichenbachstraße";120
131;"Dresden Reichenbachstraße";131;"Dresden Reichenbachstraße";180
131;"Dresden Reichenbachstraße";131;"Dresden Reichenbachstraße";360
131;"Dresden Reichenbachstraße";131;"Dresden Reichenbachstraße";180
131;"Dresden Reichenbachstraße";131;"Dresden Reichenbachstraße";120
131;"Dresden Reichenbachstraße";131;"Dresden Reichenbachstraße";120
131;"Dresden Reichenbachstraße";131;"Dresden Reichenbachstraße";360
131;"Dresden Reichenbachstraße";131;"Dresden Reichenbachstraße";360
132;"Dresden Nürnberger Platz";132;"Dresden Nürnberger Platz";120
132;"Dresden Nürnberger Platz";132;"Dresden Nürnberger Platz";120
132;"Dresden Nürnberger Platz";132;"Dresden Nürnberger Platz";120
132;"Dresden Nürnberger Platz";132;"Dresden Nürnberger Platz";120
133;"Dresden Südvorstadt";133;"Dresden Südvorstadt";120
134;"Dresden Münchner Platz";134;"Dresden Münchner Platz";120
134;"Dresden Münchner Platz";134;"Dresden Münchner Platz";120
134;"Dresden Münchner Platz";134;"Dresden Münchner Platz";120
134;"Dresden Münchner Platz";134;"Dresden Münchner Platz";120
135;"Dresden Plauen Nöthnitzer Str.";135;"Dresden Plauen Nöthnitzer Str.";120
135;"Dresden Plauen Nöthnitzer Str.";135;"Dresden Plauen Nöthnitzer Str.";120
135;"Dresden Plauen Nöthnitzer Str.";135;"Dresden Plauen Nöthnitzer Str.";120
135;"Dresden Plauen Nöthnitzer Str.";135;"Dresden Plauen Nöthnitzer Str.";120
135;"Dresden Plauen Nöthnitzer Str.";135;"Dresden Plauen Nöthnitzer Str.";120
135;"Dresden Plauen Nöthnitzer Str.";135;"Dresden Plauen Nöthnitzer Str.";120
135;"Dresden Plauen Nöthnitzer Str.";135;"Dresden Plauen Nöthnitzer Str.";120
135;"Dresden Plauen Nöthnitzer Str.";135;"Dresden Plauen Nöthnitzer Str.";120
135;"Dresden Plauen Nöthnitzer Str.";135;"Dresden Plauen Nöthnitzer Str.";120
135;"Dresden Plauen Nöthnitzer Str.";135;"Dresden Plauen Nöthnitzer Str.";120
141;"Dresden Rosenstraße";141;"Dresden Rosenstraße";120
142;"Dresden Oederaner Straße";142;"Dresden Oederaner Straße";120
143;"Dresden Saxoniastraße";143;"Dresden Saxoniastraße";120
144;"Dresden Tharandter Straße";144;"Dresden Tharandter Straße";180
144;"Dresden Tharandter Straße";144;"Dresden Tharandter Straße";120
144;"Dresden Tharandter Straße";144;"Dresden Tharandter Straße";120
144;"Dresden Tharandter Straße";144;"Dresden Tharandter Straße";180
145;"Dresden Bünaustraße";145;"Dresden Bünaustraße";120
146;"Dresden Malterstraße";146;"Dresden Malterstraße";120
147;"Dresden Koblenzer Straße";147;"Dresden Koblenzer Straße";120
148;"Dresden Wölfnitz";148;"Dresden Wölfnitz";120
149;"Dresden Weißeritzstraße";149;"Dresden Weißeritzstraße";120
149;"Dresden Weißeritzstraße";149;"Dresden Weißeritzstraße";120
149;"Dresden Weißeritzstraße";149;"Dresden Weißeritzstraße";120
149;"Dresden Weißeritzstraße";149;"Dresden Weißeritzstraße";120
149;"Dresden Weißeritzstraße";149;"Dresden Weißeritzstraße";120
149;"Dresden Weißeritzstraße";149;"Dresden Weißeritzstraße";120
149;"Dresden Weißeritzstraße";149;"Dresden Weißeritzstraße";120
149;"Dresden Weißeritzstraße";149;"Dresden Weißeritzstraße";120
149;"Dresden Weißeritzstraße";149;"Dresden Weißeritzstraße";120
153;"Dresden Cottaer Straße";153;"Dresden Cottaer Straße";120
154;"Dresden Wernerstraße";154;"Dresden Wernerstraße";120
161;"Dresden Cämmerswalder Straße";161;"Dresden Cämmerswalder Straße";120
162;"Dresden Kotteweg";162;"Dresden Kotteweg";120
163;"Dresden Saarstraße";163;"Dresden Saarstraße";120
164;"Dresden Achtbeeteweg";164;"Dresden Achtbeeteweg";120
165;"Dresden Coschütz";165;"Dresden Coschütz";120
171;"Dresden Semmelweisstraße";171;"Dresden Semmelweisstraße";240
171;"Dresden Semmelweisstraße";171;"Dresden Semmelweisstraße";120
171;"Dresden Semmelweisstraße";171;"Dresden Semmelweisstraße";120
171;"Dresden Semmelweisstraße";171;"Dresden Semmelweisstraße";240
171;"Dresden Semmelweisstraße";171;"Dresden Semmelweisstraße";120
172;"Dresden Burgkstraße";172;"Dresden Burgkstraße";180
172;"Dresden Burgkstraße";172;"Dresden Burgkstraße";120
172;"Dresden Burgkstraße";172;"Dresden Burgkstraße";120
172;"Dresden Burgkstraße";172;"Dresden Burgkstraße";360
172;"Dresden Burgkstraße";172;"Dresden Burgkstraße";360
172;"Dresden Burgkstraße";172;"Dresden Burgkstraße";180
172;"Dresden Burgkstraße";172;"Dresden Burgkstraße";120
173;"Dresden Pennricher Straße";173;"Dresden Pennricher Straße";300
173;"Dresden Pennricher Straße";173;"Dresden Pennricher Straße";300
173;"Dresden Pennricher Straße";173;"Dresden Pennricher Straße";120
173;"Dresden Pennricher Straße";173;"Dresden Pennricher Straße";480
173;"Dresden Pennricher Straße";173;"Dresden Pennricher Straße";300
173;"Dresden Pennricher Straße";173;"Dresden Pennricher Straße";120
173;"Dresden Pennricher Straße";173;"Dresden Pennricher Straße";120
173;"Dresden Pennricher Straße";173;"Dresden Pennricher Straße";300
173;"Dresden Pennricher Straße";173;"Dresden Pennricher Straße";480
174;"Dresden Conertplatz";174;"Dresden Conertplatz";120
175;"Dresden Birkenhainer Straße";175;"Dresden Birkenhainer Straße";120
176;"Dresden Altcotta";176;"Dresden Altcotta";120
176;"Dresden Altcotta";176;"Dresden Altcotta";120
176;"Dresden Altcotta";176;"Dresden Altcotta";120
176;"Dresden Altcotta";176;"Dresden Altcotta";120
177;"Dresden Ockerwitzer Straße";177;"Dresden Ockerwitzer Straße";420
177;"Dresden Ockerwitzer Straße";177;"Dresden Ockerwitzer Straße";120
177;"Dresden Ockerwitzer Straße";177;"Dresden Ockerwitzer Straße";180
177;"Dresden Ockerwitzer Straße";177;"Dresden Ockerwitzer Straße";420
177;"Dresden Ockerwitzer Straße";177;"Dresden Ockerwitzer Straße";180
177;"Dresden Ockerwitzer Straße";177;"Dresden Ockerwitzer Straße";120
177;"Dresden Ockerwitzer Straße";177;"Dresden Ockerwitzer Straße";120
177;"Dresden Ockerwitzer Straße";177;"Dresden Ockerwitzer Straße";420
177;"Dresden Ockerwitzer Straße";177;"Dresden Ockerwitzer Straße";420
177;"Dresden Ockerwitzer Straße";177;"Dresden Ockerwitzer Straße";120
178;"Dresden Chamissostraße";178;"Dresden Chamissostraße";120
178;"Dresden Chamissostraße";178;"Dresden Chamissostraße";120
178;"Dresden Chamissostraße";178;"Dresden Chamissostraße";120
178;"Dresden Chamissostraße";178;"Dresden Chamissostraße";120
179;"Dresden Hebbelplatz";179;"Dresden Hebbelplatz";120
181;"DD Krankenhaus Friedrichstadt";181;"DD Krankenhaus Friedrichstadt";120
182;"Dresden Vorwerkstraße";182;"Dresden Vorwerkstraße";120
182;"Dresden Vorwerkstraße";182;"Dresden Vorwerkstraße";120
182;"Dresden Vorwerkstraße";182;"Dresden Vorwerkstraße";120
182;"Dresden Vorwerkstraße";182;"Dresden Vorwerkstraße";120
184;"Dresden Manitiusstraße";184;"Dresden Manitiusstraße";120
185;"Dresden Waltherstraße";185;"Dresden Waltherstraße";120
185;"Dresden Waltherstraße";185;"Dresden Waltherstraße";120
185;"Dresden Waltherstraße";185;"Dresden Waltherstraße";120
185;"Dresden Waltherstraße";185;"Dresden Waltherstraße";120
185;"Dresden Waltherstraße";185;"Dresden Waltherstraße";120
185;"Dresden Waltherstraße";185;"Dresden Waltherstraße";120
185;"Dresden Waltherstraße";185;"Dresden Waltherstraße";120
185;"Dresden Waltherstraße";185;"Dresden Waltherstraße";120
185;"Dresden Waltherstraße";185;"Dresden Waltherstraße";120
186;"Dresden Hamburger Straße";186;"Dresden Hamburger Straße";120
187;"Dresden Bremer Straße";187;"Dresden Bremer Straße";120
188;"Dresden Flügelweg";188;"Dresden Flügelweg";180
189;"DD Cossebauder Str (Hp Cotta)";189;"DD Cossebauder Str (Hp Cotta)";120
190;"Dresden Gottfried-Keller-Str.";190;"Dresden Gottfried-Keller-Str.";120
190;"Dresden Gottfried-Keller-Str.";190;"Dresden Gottfried-Keller-Str.";120
190;"Dresden Gottfried-Keller-Str.";190;"Dresden Gottfried-Keller-Str.";120
190;"Dresden Gottfried-Keller-Str.";190;"Dresden Gottfried-Keller-Str.";120
191;"Dresden Leutewitz";191;"Dresden Leutewitz";120
197;"Dresden Schäferstraße";197;"Dresden Schäferstraße";180
197;"Dresden Schäferstraße";197;"Dresden Schäferstraße";180
197;"Dresden Schäferstraße";197;"Dresden Schäferstraße";120
197;"Dresden Schäferstraße";197;"Dresden Schäferstraße";180
197;"Dresden Schäferstraße";197;"Dresden Schäferstraße";180
197;"Dresden Schäferstraße";197;"Dresden Schäferstraße";120
197;"Dresden Schäferstraße";197;"Dresden Schäferstraße";120
197;"Dresden Schäferstraße";197;"Dresden Schäferstraße";180
197;"Dresden Schäferstraße";197;"Dresden Schäferstraße";180
198;"Dresden Bf Neustadt (Hansastr)";198;"Dresden Bf Neustadt (Hansastr)";120
200;"Dresden Altpieschen";200;"Dresden Altpieschen";60
200;"Dresden Altpieschen";200;"Dresden Altpieschen";60
200;"Dresden Altpieschen";200;"Dresden Altpieschen";60
200;"Dresden Altpieschen";200;"Dresden Altpieschen";60
201;"Dresden Alter Schlachthof";201;"Dresden Alter Schlachthof";120
201;"Dresden Alter Schlachthof";201;"Dresden Alter Schlachthof";120
201;"Dresden Alter Schlachthof";201;"Dresden Alter Schlachthof";120
201;"Dresden Alter Schlachthof";201;"Dresden Alter Schlachthof";120
202;"Dresden Alexander-Puschkin-Pl";202;"Dresden Alexander-Puschkin-Pl";120
203;"Dresden Oschatzer Straße";203;"Dresden Oschatzer Straße";120
205;"Dresden Mickten";205;"Dresden Mickten";240
205;"Dresden Mickten";205;"Dresden Mickten";120
205;"Dresden Mickten";205;"Dresden Mickten";120
205;"Dresden Mickten";205;"Dresden Mickten";120
205;"Dresden Mickten";205;"Dresden Mickten";120
205;"Dresden Mickten";205;"Dresden Mickten";120
205;"Dresden Mickten";205;"Dresden Mickten";120
205;"Dresden Mickten";205;"Dresden Mickten";120
205;"Dresden Mickten";205;"Dresden Mickten";120
205;"Dresden Mickten";205;"Dresden Mickten";120
205;"Dresden Mickten";205;"Dresden Mickten";240
205;"Dresden Mickten";205;"Dresden Mickten";120
205;"Dresden Mickten";205;"Dresden Mickten";120
205;"Dresden Mickten";205;"Dresden Mickten";240
205;"Dresden Mickten";205;"Dresden Mickten";300
205;"Dresden Mickten";205;"Dresden Mickten";120
205;"Dresden Mickten";205;"Dresden Mickten";120
205;"Dresden Mickten";205;"Dresden Mickten";240
205;"Dresden Mickten";205;"Dresden Mickten";120
205;"Dresden Mickten";205;"Dresden Mickten";120
205;"Dresden Mickten";205;"Dresden Mickten";120
205;"Dresden Mickten";205;"Dresden Mickten";120
205;"Dresden Mickten";205;"Dresden Mickten";300
205;"Dresden Mickten";205;"Dresden Mickten";120
205;"Dresden Mickten";205;"Dresden Mickten";120
206;"Dresden Trachauer Straße";206;"Dresden Trachauer Straße";120
209;"Dresden Alttrachau";209;"Dresden Alttrachau";120
210;"Dresden Rankestraße";210;"Dresden Rankestraße";120
211;"Dresden Am Trachauer Bahnhof";211;"Dresden Am Trachauer Bahnhof";120
211;"Dresden Am Trachauer Bahnhof";211;"Dresden Am Trachauer Bahnhof";120
211;"Dresden Am Trachauer Bahnhof";211;"Dresden Am Trachauer Bahnhof";120
211;"Dresden Am Trachauer Bahnhof";211;"Dresden Am Trachauer Bahnhof";0
212;"Dresden Geblerstraße";212;"Dresden Geblerstraße";120
212;"Dresden Geblerstraße";212;"Dresden Geblerstraße";0
212;"Dresden Geblerstraße";212;"Dresden Geblerstraße";60
212;"Dresden Geblerstraße";212;"Dresden Geblerstraße";0
213;"Dresden Kleestraße";213;"Dresden Kleestraße";120
217;"Dresden An der Flutrinne";217;"Dresden An der Flutrinne";180
217;"Dresden An der Flutrinne";217;"Dresden An der Flutrinne";120
217;"Dresden An der Flutrinne";217;"Dresden An der Flutrinne";120
217;"Dresden An der Flutrinne";217;"Dresden An der Flutrinne";120
217;"Dresden An der Flutrinne";217;"Dresden An der Flutrinne";180
217;"Dresden An der Flutrinne";217;"Dresden An der Flutrinne";120
217;"Dresden An der Flutrinne";217;"Dresden An der Flutrinne";180
217;"Dresden An der Flutrinne";217;"Dresden An der Flutrinne";120
217;"Dresden An der Flutrinne";217;"Dresden An der Flutrinne";180
218;"Dresden Sörnewitzer Straße";218;"Dresden Sörnewitzer Straße";198
218;"Dresden Sörnewitzer Straße";218;"Dresden Sörnewitzer Straße";120
218;"Dresden Sörnewitzer Straße";218;"Dresden Sörnewitzer Straße";120
218;"Dresden Sörnewitzer Straße";218;"Dresden Sörnewitzer Straße";198
220;"Dresden Washingtonstraße";220;"Dresden Washingtonstraße";120
241;"Dresden Lößnitzstraße";241;"Dresden Lößnitzstraße";120
242;"Dresden Großenhainer Platz";242;"Dresden Großenhainer Platz";120
243;"Dresden Liststraße";243;"Dresden Liststraße";120
243;"Dresden Liststraße";243;"Dresden Liststraße";120
243;"Dresden Liststraße";243;"Dresden Liststraße";120
243;"Dresden Liststraße";243;"Dresden Liststraße";180
243;"Dresden Liststraße";243;"Dresden Liststraße";120
243;"Dresden Liststraße";243;"Dresden Liststraße";120
243;"Dresden Liststraße";243;"Dresden Liststraße";120
243;"Dresden Liststraße";243;"Dresden Liststraße";180
243;"Dresden Liststraße";243;"Dresden Liststraße";180
243;"Dresden Liststraße";243;"Dresden Liststraße";120
243;"Dresden Liststraße";243;"Dresden Liststraße";120
243;"Dresden Liststraße";243;"Dresden Liststraße";180
243;"Dresden Liststraße";243;"Dresden Liststraße";120
243;"Dresden Liststraße";243;"Dresden Liststraße";180
243;"Dresden Liststraße";243;"Dresden Liststraße";120
243;"Dresden Liststraße";243;"Dresden Liststraße";180
243;"Dresden Liststraße";243;"Dresden Liststraße";180
243;"Dresden Liststraße";243;"Dresden Liststraße";120
243;"Dresden Liststraße";243;"Dresden Liststraße";180
243;"Dresden Liststraße";243;"Dresden Liststraße";180
243;"Dresden Liststraße";243;"Dresden Liststraße";120
243;"Dresden Liststraße";243;"Dresden Liststraße";180
243;"Dresden Liststraße";243;"Dresden Liststraße";120
243;"Dresden Liststraße";243;"Dresden Liststraße";120
243;"Dresden Liststraße";243;"Dresden Liststraße";120
244;"Dresden Bürgerstraße";244;"Dresden Bürgerstraße";120
245;"Dresden Rathaus Pieschen";245;"Dresden Rathaus Pieschen";120
247;"Dresden Bischofsplatz";247;"Dresden Bischofsplatz";120
248;"Dresden Zeithainer Straße";248;"Dresden Zeithainer Straße";120
249;"Dresden Trachenberger Platz";249;"Dresden Trachenberger Platz";120
249;"Dresden Trachenberger Platz";249;"Dresden Trachenberger Platz";120
249;"Dresden Trachenberger Platz";249;"Dresden Trachenberger Platz";120
249;"Dresden Trachenberger Platz";249;"Dresden Trachenberger Platz";120
249;"Dresden Trachenberger Platz";249;"Dresden Trachenberger Platz";120
249;"Dresden Trachenberger Platz";249;"Dresden Trachenberger Platz";120
249;"Dresden Trachenberger Platz";249;"Dresden Trachenberger Platz";120
249;"Dresden Trachenberger Platz";249;"Dresden Trachenberger Platz";120
249;"Dresden Trachenberger Platz";249;"Dresden Trachenberger Platz";120
249;"Dresden Trachenberger Platz";249;"Dresden Trachenberger Platz";120
249;"Dresden Trachenberger Platz";249;"Dresden Trachenberger Platz";120
249;"Dresden Trachenberger Platz";249;"Dresden Trachenberger Platz";120
249;"Dresden Trachenberger Platz";249;"Dresden Trachenberger Platz";120
249;"Dresden Trachenberger Platz";249;"Dresden Trachenberger Platz";120
249;"Dresden Trachenberger Platz";249;"Dresden Trachenberger Platz";120
249;"Dresden Trachenberger Platz";249;"Dresden Trachenberger Platz";120
251;"Dresden Hubertusplatz";251;"Dresden Hubertusplatz";120
252;"Dresden Dorothea-Erxleben-Str";252;"Dresden Dorothea-Erxleben-Str";120
253;"Dresden Wilder Mann";253;"Dresden Wilder Mann";120
253;"Dresden Wilder Mann";253;"Dresden Wilder Mann";120
253;"Dresden Wilder Mann";253;"Dresden Wilder Mann";120
253;"Dresden Wilder Mann";253;"Dresden Wilder Mann";120
259;"Dresden Tannenstraße";259;"Dresden Tannenstraße";120
262;"Dresden Bischofsweg";262;"Dresden Bischofsweg";120
263;"Dresden Alaunplatz";263;"Dresden Alaunplatz";120
265;"Dresden Stauffenbergallee";265;"Dresden Stauffenbergallee";120
265;"Dresden Stauffenbergallee";265;"Dresden Stauffenbergallee";120
265;"Dresden Stauffenbergallee";265;"Dresden Stauffenbergallee";120
265;"Dresden Stauffenbergallee";265;"Dresden Stauffenbergallee";120
266;"Dresden Heeresbäckerei";266;"Dresden Heeresbäckerei";120
267;"Dresden Industriegelände";267;"Dresden Industriegelände";120
267;"Dresden Industriegelände";267;"Dresden Industriegelände";120
267;"Dresden Industriegelände";267;"Dresden Industriegelände";180
267;"Dresden Industriegelände";267;"Dresden Industriegelände";120
267;"Dresden Industriegelände";267;"Dresden Industriegelände";120
267;"Dresden Industriegelände";267;"Dresden Industriegelände";120
267;"Dresden Industriegelände";267;"Dresden Industriegelände";120
267;"Dresden Industriegelände";267;"Dresden Industriegelände";180
267;"Dresden Industriegelände";267;"Dresden Industriegelände";180
267;"Dresden Industriegelände";267;"Dresden Industriegelände";180
267;"Dresden Industriegelände";267;"Dresden Industriegelände";120
268;"Dresden Hellersiedlung";268;"Dresden Hellersiedlung";120
269;"Dresden Moritzburger Weg";269;"Dresden Moritzburger Weg";120
269;"Dresden Moritzburger Weg";269;"Dresden Moritzburger Weg";0
269;"Dresden Moritzburger Weg";269;"Dresden Moritzburger Weg";120
269;"Dresden Moritzburger Weg";269;"Dresden Moritzburger Weg";120
270;"Dresden Infineon Süd";270;"Dresden Infineon Süd";120
270;"Dresden Infineon Süd";270;"Dresden Infineon Süd";120
270;"Dresden Infineon Süd";270;"Dresden Infineon Süd";120
270;"Dresden Infineon Süd";270;"Dresden Infineon Süd";120
270;"Dresden Infineon Süd";270;"Dresden Infineon Süd";120
271;"Dresden Am Hellerrand";271;"Dresden Am Hellerrand";120
272;"Dresden Heinrich-Tessenow-Weg";272;"Dresden Heinrich-Tessenow-Weg";120
272;"Dresden Heinrich-Tessenow-Weg";272;"Dresden Heinrich-Tessenow-Weg";120
272;"Dresden Heinrich-Tessenow-Weg";272;"Dresden Heinrich-Tessenow-Weg";120
272;"Dresden Heinrich-Tessenow-Weg";272;"Dresden Heinrich-Tessenow-Weg";120
272;"Dresden Heinrich-Tessenow-Weg";272;"Dresden Heinrich-Tessenow-Weg";120
272;"Dresden Heinrich-Tessenow-Weg";272;"Dresden Heinrich-Tessenow-Weg";120
272;"Dresden Heinrich-Tessenow-Weg";272;"Dresden Heinrich-Tessenow-Weg";120
272;"Dresden Heinrich-Tessenow-Weg";272;"Dresden Heinrich-Tessenow-Weg";120
272;"Dresden Heinrich-Tessenow-Weg";272;"Dresden Heinrich-Tessenow-Weg";120
273;"Dresden Festspielhaus Hellerau";273;"Dresden Festspielhaus Hellerau";120
274;"Dresden Brunnenweg";274;"Dresden Brunnenweg";120
275;"Dresden Hellerau Kiefernweg";275;"Dresden Hellerau Kiefernweg";120
276;"Dresden Infineon Nord";276;"Dresden Infineon Nord";120
277;"Dresden Karl-Marx-Straße";277;"Dresden Karl-Marx-Straße";120
278;"Dresden Zur Neuen Brücke";278;"Dresden Zur Neuen Brücke";120
278;"Dresden Zur Neuen Brücke";278;"Dresden Zur Neuen Brücke";120
278;"Dresden Zur Neuen Brücke";278;"Dresden Zur Neuen Brücke";120
278;"Dresden Zur Neuen Brücke";278;"Dresden Zur Neuen Brücke";120
279;"Dresden Käthe-Kollwitz-Platz";279;"Dresden Käthe-Kollwitz-Platz";120
279;"Dresden Käthe-Kollwitz-Platz";279;"Dresden Käthe-Kollwitz-Platz";120
279;"Dresden Käthe-Kollwitz-Platz";279;"Dresden Käthe-Kollwitz-Platz";120
279;"Dresden Käthe-Kollwitz-Platz";279;"Dresden Käthe-Kollwitz-Platz";120
279;"Dresden Käthe-Kollwitz-Platz";279;"Dresden Käthe-Kollwitz-Platz";120
279;"Dresden Käthe-Kollwitz-Platz";279;"Dresden Käthe-Kollwitz-Platz";120
279;"Dresden Käthe-Kollwitz-Platz";279;"Dresden Käthe-Kollwitz-Platz";120
279;"Dresden Käthe-Kollwitz-Platz";279;"Dresden Käthe-Kollwitz-Platz";120
279;"Dresden Käthe-Kollwitz-Platz";279;"Dresden Käthe-Kollwitz-Platz";120
280;"Dresden Arkonastraße";280;"Dresden Arkonastraße";120
281;"DD Industriepark Klotzsche";281;"DD Industriepark Klotzsche";120
281;"DD Industriepark Klotzsche";281;"DD Industriepark Klotzsche";120
281;"DD Industriepark Klotzsche";281;"DD Industriepark Klotzsche";120
281;"DD Industriepark Klotzsche";281;"DD Industriepark Klotzsche";120
290;"Dresden Pulsnitzer Straße";290;"Dresden Pulsnitzer Straße";120
291;"Dresden Diakonissenkrankenhaus";291;"Dresden Diakonissenkrankenhaus";120
292;"Dresden Nordstraße";292;"Dresden Nordstraße";180
292;"Dresden Nordstraße";292;"Dresden Nordstraße";120
292;"Dresden Nordstraße";292;"Dresden Nordstraße";120
292;"Dresden Nordstraße";292;"Dresden Nordstraße";180
293;"Dresden Waldschlößchen";293;"Dresden Waldschlößchen";120
293;"Dresden Waldschlößchen";293;"Dresden Waldschlößchen";120
293;"Dresden Waldschlößchen";293;"Dresden Waldschlößchen";240
293;"Dresden Waldschlößchen";293;"Dresden Waldschlößchen";120
293;"Dresden Waldschlößchen";293;"Dresden Waldschlößchen";300
293;"Dresden Waldschlößchen";293;"Dresden Waldschlößchen";240
293;"Dresden Waldschlößchen";293;"Dresden Waldschlößchen";300
293;"Dresden Waldschlößchen";293;"Dresden Waldschlößchen";120
293;"Dresden Waldschlößchen";293;"Dresden Waldschlößchen";120
294;"Dresden Angelikastraße";294;"Dresden Angelikastraße";120
295;"Dresden Wilhelminenstraße";295;"Dresden Wilhelminenstraße";120
296;"Dresden Elbschlösser";296;"Dresden Elbschlösser";120
297;"Dresden Mordgrundbrücke";297;"Dresden Mordgrundbrücke";120
298;"Dresden Plattleite";298;"Dresden Plattleite";120
299;"Dresden Am Weißen Adler";299;"Dresden Am Weißen Adler";120
300;"Dresden Neubühlauer Straße";300;"Dresden Neubühlauer Straße";120
301;"Dresden Grundstraße";301;"Dresden Grundstraße";120
302;"Dresden Bühlau Ullersdorfer Pl";302;"Dresden Bühlau Ullersdorfer Pl";180
302;"Dresden Bühlau Ullersdorfer Pl";302;"Dresden Bühlau Ullersdorfer Pl";120
302;"Dresden Bühlau Ullersdorfer Pl";302;"Dresden Bühlau Ullersdorfer Pl";120
302;"Dresden Bühlau Ullersdorfer Pl";302;"Dresden Bühlau Ullersdorfer Pl";180
302;"Dresden Bühlau Ullersdorfer Pl";302;"Dresden Bühlau Ullersdorfer Pl";120
302;"Dresden Bühlau Ullersdorfer Pl";302;"Dresden Bühlau Ullersdorfer Pl";120
302;"Dresden Bühlau Ullersdorfer Pl";302;"Dresden Bühlau Ullersdorfer Pl";180
302;"Dresden Bühlau Ullersdorfer Pl";302;"Dresden Bühlau Ullersdorfer Pl";120
302;"Dresden Bühlau Ullersdorfer Pl";302;"Dresden Bühlau Ullersdorfer Pl";180
305;"Dresden Hegereiterstraße";305;"Dresden Hegereiterstraße";120
311;"Dresden Strehlener Platz";311;"Dresden Strehlener Platz";120
311;"Dresden Strehlener Platz";311;"Dresden Strehlener Platz";120
311;"Dresden Strehlener Platz";311;"Dresden Strehlener Platz";120
311;"Dresden Strehlener Platz";311;"Dresden Strehlener Platz";120
312;"Dresden Zellescher Weg";312;"Dresden Zellescher Weg";120
312;"Dresden Zellescher Weg";312;"Dresden Zellescher Weg";120
312;"Dresden Zellescher Weg";312;"Dresden Zellescher Weg";120
312;"Dresden Zellescher Weg";312;"Dresden Zellescher Weg";120
313;"Dresden Räcknitzhöhe";313;"Dresden Räcknitzhöhe";120
314;"Dresden Münzmeisterstraße";314;"Dresden Münzmeisterstraße";120
314;"Dresden Münzmeisterstraße";314;"Dresden Münzmeisterstraße";120
314;"Dresden Münzmeisterstraße";314;"Dresden Münzmeisterstraße";120
314;"Dresden Münzmeisterstraße";314;"Dresden Münzmeisterstraße";120
321;"Dresden Albert-Wolf-Platz";321;"Dresden Albert-Wolf-Platz";240
321;"Dresden Albert-Wolf-Platz";321;"Dresden Albert-Wolf-Platz";120
321;"Dresden Albert-Wolf-Platz";321;"Dresden Albert-Wolf-Platz";240
321;"Dresden Albert-Wolf-Platz";321;"Dresden Albert-Wolf-Platz";120
322;"Dresden Jacob-Winter-Platz";322;"Dresden Jacob-Winter-Platz";120
322;"Dresden Jacob-Winter-Platz";322;"Dresden Jacob-Winter-Platz";120
322;"Dresden Jacob-Winter-Platz";322;"Dresden Jacob-Winter-Platz";120
322;"Dresden Jacob-Winter-Platz";322;"Dresden Jacob-Winter-Platz";120
323;"Dresden Georg-Palitzsch-Straße";323;"Dresden Georg-Palitzsch-Straße";120
323;"Dresden Georg-Palitzsch-Straße";323;"Dresden Georg-Palitzsch-Straße";120
323;"Dresden Georg-Palitzsch-Straße";323;"Dresden Georg-Palitzsch-Straße";120
323;"Dresden Georg-Palitzsch-Straße";323;"Dresden Georg-Palitzsch-Straße";120
331;"Dresden Julius-Vahlteich-Str.";331;"Dresden Julius-Vahlteich-Str.";120
331;"Dresden Julius-Vahlteich-Str.";331;"Dresden Julius-Vahlteich-Str.";120
331;"Dresden Julius-Vahlteich-Str.";331;"Dresden Julius-Vahlteich-Str.";120
331;"Dresden Julius-Vahlteich-Str.";331;"Dresden Julius-Vahlteich-Str.";120
332;"Dresden Dahlienweg";332;"Dresden Dahlienweg";120
332;"Dresden Dahlienweg";332;"Dresden Dahlienweg";120
332;"Dresden Dahlienweg";332;"Dresden Dahlienweg";120
332;"Dresden Dahlienweg";332;"Dresden Dahlienweg";120
333;"Dresden Coventrystraße";333;"Dresden Coventrystraße";120
333;"Dresden Coventrystraße";333;"Dresden Coventrystraße";180
333;"Dresden Coventrystraße";333;"Dresden Coventrystraße";180
333;"Dresden Coventrystraße";333;"Dresden Coventrystraße";120
334;"Dresden Amalie-Dietrich-Platz";334;"Dresden Amalie-Dietrich-Platz";120
335;"Dresden Merianplatz";335;"Dresden Merianplatz";120
336;"Dresden Kirschenstraße";336;"Dresden Kirschenstraße";120
337;"Dresden Schlehenstraße";337;"Dresden Schlehenstraße";120
338;"Dresden Betriebshof Gorbitz";338;"Dresden Betriebshof Gorbitz";120
338;"Dresden Betriebshof Gorbitz";338;"Dresden Betriebshof Gorbitz";120
338;"Dresden Betriebshof Gorbitz";338;"Dresden Betriebshof Gorbitz";120
338;"Dresden Betriebshof Gorbitz";338;"Dresden Betriebshof Gorbitz";120
340;"Dresden Altnossener Straße";340;"Dresden Altnossener Straße";120
340;"Dresden Altnossener Straße";340;"Dresden Altnossener Straße";120
340;"Dresden Altnossener Straße";340;"Dresden Altnossener Straße";120
340;"Dresden Altnossener Straße";340;"Dresden Altnossener Straße";120
341;"Gompitz Rudolf-Walther-Straße";341;"Gompitz Rudolf-Walther-Straße";120
341;"Gompitz Rudolf-Walther-Straße";341;"Gompitz Rudolf-Walther-Straße";120
341;"Gompitz Rudolf-Walther-Straße";341;"Gompitz Rudolf-Walther-Straße";120
341;"Gompitz Rudolf-Walther-Straße";341;"Gompitz Rudolf-Walther-Straße";120
342;"Gompitz Gompitzer Höhe";342;"Gompitz Gompitzer Höhe";120
344;"Pennrich Gleisschleife";344;"Pennrich Gleisschleife";120
344;"Pennrich Gleisschleife";344;"Pennrich Gleisschleife";120
344;"Pennrich Gleisschleife";344;"Pennrich Gleisschleife";180
344;"Pennrich Gleisschleife";344;"Pennrich Gleisschleife";240
344;"Pennrich Gleisschleife";344;"Pennrich Gleisschleife";180
344;"Pennrich Gleisschleife";344;"Pennrich Gleisschleife";120
344;"Pennrich Gleisschleife";344;"Pennrich Gleisschleife";240
344;"Pennrich Gleisschleife";344;"Pennrich Gleisschleife";120
344;"Pennrich Gleisschleife";344;"Pennrich Gleisschleife";120
520;"Dresden Alberthafen";520;"Dresden Alberthafen";120
522;"Dresden Messe Dresden";522;"Dresden Messe Dresden";120
526;"Dresden Messering (Halle 1)";526;"Dresden Messering (Halle 1)";120
585;"Dresden Riegelplatz";585;"Dresden Riegelplatz";120
585;"Dresden Riegelplatz";585;"Dresden Riegelplatz";120
585;"Dresden Riegelplatz";585;"Dresden Riegelplatz";120
585;"Dresden Riegelplatz";585;"Dresden Riegelplatz";120
588;"Dresden ElbePark";588;"Dresden ElbePark";120
791;"Dresden Prohlis Gleisschleife";791;"Dresden Prohlis Gleisschleife";120
791;"Dresden Prohlis Gleisschleife";791;"Dresden Prohlis Gleisschleife";120
824;"Dresden Spenerstraße";824;"Dresden Spenerstraße";120
919;"Dresden Hp Dobritz";919;"Dresden Hp Dobritz";120
919;"Dresden Hp Dobritz";919;"Dresden Hp Dobritz";60
919;"Dresden Hp Dobritz";919;"Dresden Hp Dobritz";60
919;"Dresden Hp Dobritz";919;"Dresden Hp Dobritz";60
919;"Dresden Hp Dobritz";919;"Dresden Hp Dobritz";120
919;"Dresden Hp Dobritz";919;"Dresden Hp Dobritz";60
919;"Dresden Hp Dobritz";919;"Dresden Hp Dobritz";120
919;"Dresden Hp Dobritz";919;"Dresden Hp Dobritz";120
919;"Dresden Hp Dobritz";919;"Dresden Hp Dobritz";120
919;"Dresden Hp Dobritz";919;"Dresden Hp Dobritz";120
919;"Dresden Hp Dobritz";919;"Dresden Hp Dobritz";120
919;"Dresden Hp Dobritz";919;"Dresden Hp Dobritz";120
919;"Dresden Hp Dobritz";919;"Dresden Hp Dobritz";180
919;"Dresden Hp Dobritz";919;"Dresden Hp Dobritz";180
919;"Dresden Hp Dobritz";919;"Dresden Hp Dobritz";120
919;"Dresden Hp Dobritz";919;"Dresden Hp Dobritz";120
919;"Dresden Hp Dobritz";919;"Dresden Hp Dobritz";60
919;"Dresden Hp Dobritz";919;"Dresden Hp Dobritz";120
919;"Dresden Hp Dobritz";919;"Dresden Hp Dobritz";60
919;"Dresden Hp Dobritz";919;"Dresden Hp Dobritz";120
919;"Dresden Hp Dobritz";919;"Dresden Hp Dobritz";60
919;"Dresden Hp Dobritz";919;"Dresden Hp Dobritz";180
919;"Dresden Hp Dobritz";919;"Dresden Hp Dobritz";120
919;"Dresden Hp Dobritz";919;"Dresden Hp Dobritz";60
919;"Dresden Hp Dobritz";919;"Dresden Hp Dobritz";180
4144;"Weinböhla (Rathausstraße)";4144;"Weinböhla (Rathausstraße)";120
4144;"Weinböhla (Rathausstraße)";4144;"Weinböhla (Rathausstraße)";180
4144;"Weinböhla (Rathausstraße)";4144;"Weinböhla (Rathausstraße)";180
4144;"Weinböhla (Rathausstraße)";4144;"Weinböhla (Rathausstraße)";120
4147;"Weinböhla Köhlerstraße";4147;"Weinböhla Köhlerstraße";180
4147;"Weinböhla Köhlerstraße";4147;"Weinböhla Köhlerstraße";180
4147;"Weinböhla Köhlerstraße";4147;"Weinböhla Köhlerstraße";120
4147;"Weinböhla Köhlerstraße";4147;"Weinböhla Köhlerstraße";120
4147;"Weinböhla Köhlerstraße";4147;"Weinböhla Köhlerstraße";180
4147;"Weinböhla Köhlerstraße";4147;"Weinböhla Köhlerstraße";180
4147;"Weinböhla Köhlerstraße";4147;"Weinböhla Köhlerstraße";120
4147;"Weinböhla Köhlerstraße";4147;"Weinböhla Köhlerstraße";180
4147;"Weinböhla Köhlerstraße";4147;"Weinböhla Köhlerstraße";180
4156;"Coswig Salzstraße (Strab)";4156;"Coswig Salzstraße (Strab)";360
4156;"Coswig Salzstraße (Strab)";4156;"Coswig Salzstraße (Strab)";120
4156;"Coswig Salzstraße (Strab)";4156;"Coswig Salzstraße (Strab)";120
4156;"Coswig Salzstraße (Strab)";4156;"Coswig Salzstraße (Strab)";360
4157;"Coswig Auerstraße";4157;"Coswig Auerstraße";120
4157;"Coswig Auerstraße";4157;"Coswig Auerstraße";120
4157;"Coswig Auerstraße";4157;"Coswig Auerstraße";120
4157;"Coswig Auerstraße";4157;"Coswig Auerstraße";120
4158;"Coswig Steinbacher Weg";4158;"Coswig Steinbacher Weg";120
4158;"Coswig Steinbacher Weg";4158;"Coswig Steinbacher Weg";120
4158;"Coswig Steinbacher Weg";4158;"Coswig Steinbacher Weg";120
4158;"Coswig Steinbacher Weg";4158;"Coswig Steinbacher Weg";120
4160;"Coswig Zentrum/ Börse";4160;"Coswig Zentrum/ Börse";120
4160;"Coswig Zentrum/ Börse";4160;"Coswig Zentrum/ Börse";120
4160;"Coswig Zentrum/ Börse";4160;"Coswig Zentrum/ Börse";120
4160;"Coswig Zentrum/ Börse";4160;"Coswig Zentrum/ Börse";120
4168;"Coswig Radebeuler Straße";4168;"Coswig Radebeuler Straße";360
4168;"Coswig Radebeuler Straße";4168;"Coswig Radebeuler Straße";120
4168;"Coswig Radebeuler Straße";4168;"Coswig Radebeuler Straße";360
4168;"Coswig Radebeuler Straße";4168;"Coswig Radebeuler Straße";120
4185;"Coswig Rathaus";4185;"Coswig Rathaus";120
4214;"Radebeul Forststraße";4214;"Radebeul Forststraße";120
4215;"Radebeul Ost (Schillerstraße)";4215;"Radebeul Ost (Schillerstraße)";120
4216;"Radebeul Zinzendorfstraße";4216;"Radebeul Zinzendorfstraße";120
4217;"Radebeul Hauptstraße";4217;"Radebeul Hauptstraße";120
4218;"Radebeul Schildenstraße";4218;"Radebeul Schildenstraße";120
4218;"Radebeul Schildenstraße";4218;"Radebeul Schildenstraße";60
4218;"Radebeul Schildenstraße";4218;"Radebeul Schildenstraße";60
4218;"Radebeul Schildenstraße";4218;"Radebeul Schildenstraße";120
4219;"Radebeul Wasastraße";4219;"Radebeul Wasastraße";120
4221;"Radebeul Landesbühnen Sachsen";4221;"Radebeul Landesbühnen Sachsen";180
4221;"Radebeul Landesbühnen Sachsen";4221;"Radebeul Landesbühnen Sachsen";180
4221;"Radebeul Landesbühnen Sachsen";4221;"Radebeul Landesbühnen Sachsen";120
4221;"Radebeul Landesbühnen Sachsen";4221;"Radebeul Landesbühnen Sachsen";120
4221;"Radebeul Landesbühnen Sachsen";4221;"Radebeul Landesbühnen Sachsen";300
4221;"Radebeul Landesbühnen Sachsen";4221;"Radebeul Landesbühnen Sachsen";180
4221;"Radebeul Landesbühnen Sachsen";4221;"Radebeul Landesbühnen Sachsen";120
4221;"Radebeul Landesbühnen Sachsen";4221;"Radebeul Landesbühnen Sachsen";180
4221;"Radebeul Landesbühnen Sachsen";4221;"Radebeul Landesbühnen Sachsen";300
4222;"Radebeul Zillerstraße";4222;"Radebeul Zillerstraße";180
4222;"Radebeul Zillerstraße";4222;"Radebeul Zillerstraße";120
4222;"Radebeul Zillerstraße";4222;"Radebeul Zillerstraße";300
4222;"Radebeul Zillerstraße";4222;"Radebeul Zillerstraße";420
4222;"Radebeul Zillerstraße";4222;"Radebeul Zillerstraße";300
4222;"Radebeul Zillerstraße";4222;"Radebeul Zillerstraße";120
4222;"Radebeul Zillerstraße";4222;"Radebeul Zillerstraße";420
4222;"Radebeul Zillerstraße";4222;"Radebeul Zillerstraße";120
4222;"Radebeul Zillerstraße";4222;"Radebeul Zillerstraße";180
4223;"Radebeul Dr.-Külz-Straße";4223;"Radebeul Dr.-Külz-Straße";240
4223;"Radebeul Dr.-Külz-Straße";4223;"Radebeul Dr.-Külz-Straße";120
4223;"Radebeul Dr.-Külz-Straße";4223;"Radebeul Dr.-Külz-Straße";120
4223;"Radebeul Dr.-Külz-Straße";4223;"Radebeul Dr.-Külz-Straße";240
4224;"Radebeul Borstraße";4224;"Radebeul Borstraße";120
4225;"Radebeul Moritzburger Straße";4225;"Radebeul Moritzburger Straße";120
4225;"Radebeul Moritzburger Straße";4225;"Radebeul Moritzburger Straße";120
4225;"Radebeul Moritzburger Straße";4225;"Radebeul Moritzburger Straße";180
4225;"Radebeul Moritzburger Straße";4225;"Radebeul Moritzburger Straße";180
4225;"Radebeul Moritzburger Straße";4225;"Radebeul Moritzburger Straße";180
4225;"Radebeul Moritzburger Straße";4225;"Radebeul Moritzburger Straße";120
4225;"Radebeul Moritzburger Straße";4225;"Radebeul Moritzburger Straße";120
4225;"Radebeul Moritzburger Straße";4225;"Radebeul Moritzburger Straße";180
4225;"Radebeul Moritzburger Straße";4225;"Radebeul Moritzburger Straße";0
4226;"Radebeul West (Flemmingstraße)";4226;"Radebeul West (Flemmingstraße)";120
4226;"Radebeul West (Flemmingstraße)";4226;"Radebeul West (Flemmingstraße)";60
4226;"Radebeul West (Flemmingstraße)";4226;"Radebeul West (Flemmingstraße)";60
4226;"Radebeul West (Flemmingstraße)";4226;"Radebeul West (Flemmingstraße)";120
4227;"Radebeul Schloss Wackerbarth";4227;"Radebeul Schloss Wackerbarth";60
4227;"Radebeul Schloss Wackerbarth";4227;"Radebeul Schloss Wackerbarth";120
4227;"Radebeul Schloss Wackerbarth";4227;"Radebeul Schloss Wackerbarth";60
4227;"Radebeul Schloss Wackerbarth";4227;"Radebeul Schloss Wackerbarth";120
4228;"Radebeul Johannisbergstraße";4228;"Radebeul Johannisbergstraße";180
4228;"Radebeul Johannisbergstraße";4228;"Radebeul Johannisbergstraße";180
4228;"Radebeul Johannisbergstraße";4228;"Radebeul Johannisbergstraße";180
4228;"Radebeul Johannisbergstraße";4228;"Radebeul Johannisbergstraße";180
4229;"Radebeul Gerhart-Hauptmann-Str";4229;"Radebeul Gerhart-Hauptmann-Str";300
4229;"Radebeul Gerhart-Hauptmann-Str";4229;"Radebeul Gerhart-Hauptmann-Str";120
4229;"Radebeul Gerhart-Hauptmann-Str";4229;"Radebeul Gerhart-Hauptmann-Str";60
4229;"Radebeul Gerhart-Hauptmann-Str";4229;"Radebeul Gerhart-Hauptmann-Str";300
4230;"Radebeul Eisenbahnbrücke";4230;"Radebeul Eisenbahnbrücke";0
4230;"Radebeul Eisenbahnbrücke";4230;"Radebeul Eisenbahnbrücke";180
4230;"Radebeul Eisenbahnbrücke";4230;"Radebeul Eisenbahnbrücke";120
4230;"Radebeul Eisenbahnbrücke";4230;"Radebeul Eisenbahnbrücke";180
4233;"Radebeul Gradsteg";4233;"Radebeul Gradsteg";360
4233;"Radebeul Gradsteg";4233;"Radebeul Gradsteg";360
4233;"Radebeul Gradsteg";4233;"Radebeul Gradsteg";120
4233;"Radebeul Gradsteg";4233;"Radebeul Gradsteg";120
4233;"Radebeul Gradsteg";4233;"Radebeul Gradsteg";720
4233;"Radebeul Gradsteg";4233;"Radebeul Gradsteg";360
4233;"Radebeul Gradsteg";4233;"Radebeul Gradsteg";720
4233;"Radebeul Gradsteg";4233;"Radebeul Gradsteg";120
4233;"Radebeul Gradsteg";4233;"Radebeul Gradsteg";360
6583;"Weixdorf Fuchsberg";6583;"Weixdorf Fuchsberg";120
6584;"Weixdorf Haltepunkt Bad";6584;"Weixdorf Haltepunkt Bad";300
6584;"Weixdorf Haltepunkt Bad";6584;"Weixdorf Haltepunkt Bad";120
6584;"Weixdorf Haltepunkt Bad";6584;"Weixdorf Haltepunkt Bad";120
6584;"Weixdorf Haltepunkt Bad";6584;"Weixdorf Haltepunkt Bad";180
6584;"Weixdorf Haltepunkt Bad";6584;"Weixdorf Haltepunkt Bad";120
6584;"Weixdorf Haltepunkt Bad";6584;"Weixdorf Haltepunkt Bad";180
6584;"Weixdorf Haltepunkt Bad";6584;"Weixdorf Haltepunkt Bad";120
6588;"Weixdorf (Rathenaustraße)";6588;"Weixdorf (Rathenaustraße)";300
6588;"Weixdorf (Rathenaustraße)";6588;"Weixdorf (Rathenaustraße)";120
6588;"Weixdorf (Rathenaustraße)";6588;"Weixdorf (Rathenaustraße)";120
6588;"Weixdorf (Rathenaustraße)";6588;"Weixdorf (Rathenaustraße)";300
